mtllib source/AE86.mtl
o Cube
usemtl m_car
v -1479.7304154023536 802.9542250537456 684.6703263989014
v -1007.3461753408778 1047.3009487242252 684.6703188737746
v -481.2493280054331 795.6602730362998 684.6703417121814
v 2104.9248650577383 988.9494430008931 1190.1339383225247
v 2101.2185644448764 1148.790560327162 -0.9920990145448351
v 2158.9864157884194 988.9493708972637 -0.99208862645926
v 1376.4933382274528 1018.1251771420526 684.6703561347607
v 1813.8375741559548 792.0133052938788 1488.1696207701664
v 1813.8375981020988 792.0132693746627 684.6703761290179
v 886.6327993117301 802.9541947689265 684.6703616604607
v 704.2845131349482 159.55095478198064 1318.4488071876563
v 886.632775365586 802.9542306881427 1488.169606301609
v 2234.9452574682127 913.5283509413223 1154.1538208996517
v 2158.9864157884194 988.9493708972637 -0.99208862645926
v 2356.5598800923167 913.5282726845625 -0.9920811869375225
v -1007.3461753408778 1047.3009487242252 684.6703188737746
v -481.2493519515772 795.660308955516 1488.16958635333
v -481.2493280054331 795.6602730362998 684.6703417121814
v -2145.8997601781707 622.9784140841081 1318.448737094174
v -2009.3573633944925 381.4033267406098 1318.4487535278117
v -2009.3573445064235 381.4032984085063 684.6703436332394
v -2145.8997601781707 622.9784140841081 1318.448737094174
v -2124.893207355258 925.9299198733303 -0.9921487049839267
v -2124.893247679182 925.9299803592163 1352.0541855662914
v -1670.9048963836333 1897.8141085974469 -0.9921998688446956
v -1843.4876078649406 1824.7365363351582 1194.8918824083655
v -1843.4875720305872 1837.7710254718008 -0.9921988616800675
v -697.1575673526379 2764.9657651763982 -0.9922370451475071
v 268.5172610981351 2699.1406990742307 938.6512280568072
v -704.9582168661626 2677.2652557249776 938.6512148547713
v -704.9582168661626 2677.2652557249776 938.6512148547713
v -1670.9048963836333 1897.8141085974469 -0.9921998688446956
v -697.1575673526379 2764.9657651763982 -0.9922370451475071
v 1376.4933382274528 1018.1251771420526 684.6703561347607
v 886.632775365586 802.9542306881427 1488.169606301609
v 1376.493312349874 1050.5292936670903 1569.1798315437325
v 1376.2310109696848 1148.5848316088345 1404.744878235145
v 903.6482136943893 1521.656509483635 1275.3064632932028
v 1377.5334525151593 1368.1725266418662 1239.7616650940317
v -2009.3573572126593 946.9364992644365 1393.7874213466189
v -2145.8997601781707 622.9784140841081 1318.448737094174
v -2124.893247679182 925.9299803592163 1352.0541855662914
v 1813.8375981020988 792.0132693746627 684.6703761290179
v 1813.8375741559548 792.0133052938788 1488.1696207701664
v 1996.1857845189302 361.8639018344444 1318.4488143796923
v -1479.7304154023536 802.9542250537456 684.6703263989014
v -1643.8438509966884 281.6223981631056 1318.448764921794
v -1479.7304393484976 802.9542609729617 1488.16957104005
v -481.2493280054331 795.6602730362998 684.6703417121814
v -353.6055531511065 148.61012303812822 1318.4487920759914
v -353.6055342630376 148.61009470602482 684.6703821814191
v 2104.9248650577383 988.9494430008931 1190.1339383225247
v 2234.9452574682127 913.5283509413223 1154.1538208996517
v 2101.9399575197353 421.51287406939815 1151.645369509247
v -353.6055138287035 148.61006405452372 -0.9920759788670652
v 704.2845131349482 159.55095478198064 1318.4488071876563
v 704.2845524573512 159.55089579837602 -0.9920608672020671
v -2124.893247679182 925.9299803592163 1352.0541855662914
v -2009.357315644988 946.9364369129294 -0.9921482354511084
v -2009.3573572126593 946.9364992644365 1393.7874213466189
v -1479.7304393484976 802.9542609729617 1488.16957104005
v -1843.4876078649406 1824.7365363351582 1194.8918824083655
v -1670.904932860336 1884.7796204243282 1216.445539320203
v -2009.357315644988 946.9364369129294 -0.9921482354511084
v -1843.4876078649406 1824.7365363351582 1194.8918824083655
v -2009.3573572126593 946.9364992644365 1393.7874213466189
v 1377.5334525151593 1368.1725266418662 1239.7616650940317
v 1131.139516558876 1595.782295776331 -0.9921401126324867
v 2101.2185644448764 1148.790560327162 -0.9920990145448351
v 2266.6313278207217 510.27451627105165 1149.4614615777814
v 2356.5598800923167 913.5282726845625 -0.9920811869375225
v 2333.564535289933 510.2744628470063 -0.9920574937941239
v 2266.6313278207217 510.27451627105165 1149.4614615777814
v 2168.8731650540317 421.5128205477247 -0.9920546572803267
v 2101.9399575197353 421.51287406939815 1151.645369509247
v -481.2493519515772 795.660308955516 1488.16958635333
v 704.2845131349482 159.55095478198064 1318.4488071876563
v -353.6055531511065 148.61012303812822 1318.4487920759914
v -1479.7304393484976 802.9542609729617 1488.16957104005
v -2009.3573633944925 381.4033267406098 1318.4487535278117
v -2009.3573572126593 946.9364992644365 1393.7874213466189
v -1010.6197138637526 1045.0879044580702 1562.64344054713
v -1479.7304393484976 802.9542609729617 1488.16957104005
v -1001.9599652314375 1143.3213876582595 1403.948630586029
v 886.632775365586 802.9542306881427 1488.169606301609
v 1376.2310109696848 1148.5848316088345 1404.744878235145
v 1376.493312349874 1050.5292936670903 1569.1798315437325
v -481.2493519515772 795.660308955516 1488.16958635333
v -1010.6197138637526 1045.0879044580702 1562.64344054713
v -1001.9599652314375 1143.3213876582595 1403.948630586029
v 1566.6781086804533 990.7247669841131 1443.0579161166215
v 1376.493312349874 1050.5292936670903 1569.1798315437325
v 1376.2310109696848 1148.5848316088345 1404.744878235145
v 2101.9399575197353 421.51287406939815 1151.645369509247
v 2058.1079225780572 142.73478622016478 -0.9920396913448144
v 1991.1745308342813 142.73484013627876 1160.4687473464842
v 2058.1079225780572 142.73478622016478 -0.9920396913448144
v 1956.759990105282 153.0870084007314 686.8543674232839
v 1991.1745308342813 142.73484013627876 1160.4687473464842
v 1991.1745308342813 142.73484013627876 1160.4687473464842
v 1996.1857845189302 361.8639018344444 1318.4488143796923
v 2101.9399575197353 421.51287406939815 1151.645369509247
v 886.6327993117301 802.9541947689265 684.6703616604607
v 1813.8375981020988 792.0132693746627 684.6703761290179
v 1956.759990105282 153.0870084007314 686.8543674232839
v 1956.760010604703 153.08697765160002 -0.9920418185850007
v 704.2845320230172 159.55092644987724 684.6703972930841
v 1956.759990105282 153.0870084007314 686.8543674232839
v -2009.3573240720893 381.4032677570052 -0.9921145270466988
v -1643.8438509966884 281.6223981631056 1318.448764921794
v -1643.8438116742855 281.62233917950095 -0.9921031330643186
v -1643.8438116742855 281.62233917950095 -0.9921031330643186
v -353.6055342630376 148.61009470602482 684.6703821814191
v -353.6055138287035 148.61006405452372 -0.9920759788670652
v 1131.139516558876 1595.782295776331 -0.9921401126324867
v 268.5172610981351 2699.1406990742307 938.6512280568072
v 343.4303048840125 2766.2110521255336 -0.9922216134057567
v 903.6482136943893 1521.656509483635 1275.3064632932028
v -704.9582168661626 2677.2652557249776 938.6512148547713
v 268.5172610981351 2699.1406990742307 938.6512280568072
v 1376.2310109696848 1148.5848316088345 1404.744878235145
v 1377.5334525151593 1368.1725266418662 1239.7616650940317
v 2054.880192466223 1148.790614902976 1188.9559345158905
v 1813.8375741559548 792.0133052938788 1488.1696207701664
v 1566.6781086804533 990.7247669841131 1443.0579161166215
v 2104.9248650577383 988.9494430008931 1190.1339383225247
v 1566.6781086804533 990.7247669841131 1443.0579161166215
v 2054.880192466223 1148.790614902976 1188.9559345158905
v 2104.9248650577383 988.9494430008931 1190.1339383225247
v -1479.7304393484976 802.9542609729617 1488.16957104005
v -1007.3461753408778 1047.3009487242252 684.6703188737746
v -1479.7304154023536 802.9542250537456 684.6703263989014
v -1001.9599652314375 1143.3213876582595 1403.948630586029
v -1670.904932860336 1884.7796204243282 1216.445539320203
v 903.6482136943893 1521.656509483635 1275.3064632932028
v -481.2493280054331 795.6602730362998 684.6703417121814
v -353.6055342630376 148.61009470602482 684.6703821814191
v -1479.7304154023536 802.9542250537456 684.6703263989014
v -353.6055342630376 148.61009470602482 684.6703821814191
v -1643.8438321086196 281.6223698310022 684.6703550272218
v -1479.7304154023536 802.9542250537456 684.6703263989014
v 2104.9248650577383 988.9494430008931 1190.1339383225247
v 2054.880192466223 1148.790614902976 1188.9559345158905
v 2101.2185644448764 1148.790560327162 -0.9920990145448351
v 1376.4933382274528 1018.1251771420526 684.6703561347607
v 1376.493312349874 1050.5292936670903 1569.1798315437325
v 1813.8375741559548 792.0133052938788 1488.1696207701664
v 886.6327993117301 802.9541947689265 684.6703616604607
v 704.2845320230172 159.55092644987724 684.6703972930841
v 704.2845131349482 159.55095478198064 1318.4488071876563
v 2234.9452574682127 913.5283509413223 1154.1538208996517
v 2104.9248650577383 988.9494430008931 1190.1339383225247
v 2158.9864157884194 988.9493708972637 -0.99208862645926
v -1007.3461753408778 1047.3009487242252 684.6703188737746
v -1010.6197138637526 1045.0879044580702 1562.64344054713
v -481.2493519515772 795.660308955516 1488.16958635333
v -2009.3573240720893 381.4032677570052 -0.9921145270466988
v -2145.8997208557676 622.9783551005034 -0.9921309606844774
v -2009.3573445064235 381.4032984085063 684.6703436332394
v -2145.8997208557676 622.9783551005034 -0.9921309606844774
v -2145.8997601781707 622.9784140841081 1318.448737094174
v -2009.3573445064235 381.4032984085063 684.6703436332394
v -2145.8997601781707 622.9784140841081 1318.448737094174
v -2145.8997208557676 622.9783551005034 -0.9921309606844774
v -2124.893207355258 925.9299198733303 -0.9921487049839267
v -1670.9048963836333 1897.8141085974469 -0.9921998688446956
v -1670.904932860336 1884.7796204243282 1216.445539320203
v -1843.4876078649406 1824.7365363351582 1194.8918824083655
v -697.1575673526379 2764.9657651763982 -0.9922370451475071
v 343.4303048840125 2766.2110521255336 -0.9922216134057567
v 268.5172610981351 2699.1406990742307 938.6512280568072
v -704.9582168661626 2677.2652557249776 938.6512148547713
v -1670.904932860336 1884.7796204243282 1216.445539320203
v -1670.9048963836333 1897.8141085974469 -0.9921998688446956
v 1376.4933382274528 1018.1251771420526 684.6703561347607
v 886.6327993117301 802.9541947689265 684.6703616604607
v 886.632775365586 802.9542306881427 1488.169606301609
v 1376.2310109696848 1148.5848316088345 1404.744878235145
v 886.632775365586 802.9542306881427 1488.169606301609
v 903.6482136943893 1521.656509483635 1275.3064632932028
v -2009.3573572126593 946.9364992644365 1393.7874213466189
v -2009.3573633944925 381.4033267406098 1318.4487535278117
v -2145.8997601781707 622.9784140841081 1318.448737094174
v 1956.7599712172146 153.08703673283276 1320.6327313312254
v 1956.759990105282 153.0870084007314 686.8543674232839
v 1996.1857845189302 361.8639018344444 1318.4488143796923
v 1956.759990105282 153.0870084007314 686.8543674232839
v 1813.8375981020988 792.0132693746627 684.6703761290179
v 1996.1857845189302 361.8639018344444 1318.4488143796923
v -1479.7304154023536 802.9542250537456 684.6703263989014
v -1643.8438321086196 281.6223698310022 684.6703550272218
v -1643.8438509966884 281.6223981631056 1318.448764921794
v -481.2493280054331 795.6602730362998 684.6703417121814
v -481.2493519515772 795.660308955516 1488.16958635333
v -353.6055531511065 148.61012303812822 1318.4487920759914
v 2234.9452574682127 913.5283509413223 1154.1538208996517
v 2266.6313278207217 510.27451627105165 1149.4614615777814
v 2101.9399575197353 421.51287406939815 1151.645369509247
v 2101.9399575197353 421.51287406939815 1151.645369509247
v 1996.1857845189302 361.8639018344444 1318.4488143796923
v 1813.8375741559548 792.0133052938788 1488.1696207701664
v 1813.8375741559548 792.0133052938788 1488.1696207701664
v 2104.9248650577383 988.9494430008931 1190.1339383225247
v 2101.9399575197353 421.51287406939815 1151.645369509247
v -353.6055138287035 148.61006405452372 -0.9920759788670652
v -353.6055531511065 148.61012303812822 1318.4487920759914
v 704.2845131349482 159.55095478198064 1318.4488071876563
v -2124.893247679182 925.9299803592163 1352.0541855662914
v -2124.893207355258 925.9299198733303 -0.9921487049839267
v -2009.357315644988 946.9364369129294 -0.9921482354511084
v -1670.904932860336 1884.7796204243282 1216.445539320203
v -1001.9599652314375 1143.3213876582595 1403.948630586029
v -1479.7304393484976 802.9542609729617 1488.16957104005
v -1479.7304393484976 802.9542609729617 1488.16957104005
v -2009.3573572126593 946.9364992644365 1393.7874213466189
v -1843.4876078649406 1824.7365363351582 1194.8918824083655
v -2009.357315644988 946.9364369129294 -0.9921482354511084
v -1843.4875720305872 1837.7710254718008 -0.9921988616800675
v -1843.4876078649406 1824.7365363351582 1194.8918824083655
v 2101.2185644448764 1148.790560327162 -0.9920990145448351
v 2054.880192466223 1148.790614902976 1188.9559345158905
v 1377.5334525151593 1368.1725266418662 1239.7616650940317
v 1377.5334525151593 1368.1725266418662 1239.7616650940317
v 903.6482136943893 1521.656509483635 1275.3064632932028
v 1131.139516558876 1595.782295776331 -0.9921401126324867
v 2266.6313278207217 510.27451627105165 1149.4614615777814
v 2234.9452574682127 913.5283509413223 1154.1538208996517
v 2356.5598800923167 913.5282726845625 -0.9920811869375225
v 2266.6313278207217 510.27451627105165 1149.4614615777814
v 2333.564535289933 510.2744628470063 -0.9920574937941239
v 2168.8731650540317 421.5128205477247 -0.9920546572803267
v -481.2493519515772 795.660308955516 1488.16958635333
v 886.632775365586 802.9542306881427 1488.169606301609
v 704.2845131349482 159.55095478198064 1318.4488071876563
v -1479.7304393484976 802.9542609729617 1488.16957104005
v -1643.8438509966884 281.6223981631056 1318.448764921794
v -2009.3573633944925 381.4033267406098 1318.4487535278117
v 1566.6781086804533 990.7247669841131 1443.0579161166215
v 1813.8375741559548 792.0133052938788 1488.1696207701664
v 1376.493312349874 1050.5292936670903 1569.1798315437325
v 2101.9399575197353 421.51287406939815 1151.645369509247
v 2168.8731650540317 421.5128205477247 -0.9920546572803267
v 2058.1079225780572 142.73478622016478 -0.9920396913448144
v 1956.760010604703 153.08697765160002 -0.9920418185850007
v 1956.759990105282 153.0870084007314 686.8543674232839
v 2058.1079225780572 142.73478622016478 -0.9920396913448144
v 1956.759990105282 153.0870084007314 686.8543674232839
v 1956.7599712172146 153.08703673283276 1320.6327313312254
v 1991.1745308342813 142.73484013627876 1160.4687473464842
v 1991.1745308342813 142.73484013627876 1160.4687473464842
v 1956.7599712172146 153.08703673283276 1320.6327313312254
v 1996.1857845189302 361.8639018344444 1318.4488143796923
v 1956.759990105282 153.0870084007314 686.8543674232839
v 704.2845320230172 159.55092644987724 684.6703972930841
v 886.6327993117301 802.9541947689265 684.6703616604607
v 886.6327993117301 802.9541947689265 684.6703616604607
v 1376.4933382274528 1018.1251771420526 684.6703561347607
v 1813.8375981020988 792.0132693746627 684.6703761290179
v 1956.760010604703 153.08697765160002 -0.9920418185850007
v 704.2845524573512 159.55089579837602 -0.9920608672020671
v 704.2845320230172 159.55092644987724 684.6703972930841
v -2009.3573240720893 381.4032677570052 -0.9921145270466988
v -2009.3573633944925 381.4033267406098 1318.4487535278117
v -1643.8438509966884 281.6223981631056 1318.448764921794
v -1643.8438116742855 281.62233917950095 -0.9921031330643186
v -1643.8438321086196 281.6223698310022 684.6703550272218
v -353.6055342630376 148.61009470602482 684.6703821814191
v 1131.139516558876 1595.782295776331 -0.9921401126324867
v 903.6482136943893 1521.656509483635 1275.3064632932028
v 268.5172610981351 2699.1406990742307 938.6512280568072
v 903.6482136943893 1521.656509483635 1275.3064632932028
v -1670.904932860336 1884.7796204243282 1216.445539320203
v -704.9582168661626 2677.2652557249776 938.6512148547713
v 1566.6781086804533 990.7247669841131 1443.0579161166215
v 1376.2310109696848 1148.5848316088345 1404.744878235145
v 2054.880192466223 1148.790614902976 1188.9559345158905
v -1479.7304393484976 802.9542609729617 1488.16957104005
v -1010.6197138637526 1045.0879044580702 1562.64344054713
v -1007.3461753408778 1047.3009487242252 684.6703188737746
v 886.632775365586 802.9542306881427 1488.169606301609
v -481.2493519515772 795.660308955516 1488.16958635333
v 903.6482136943893 1521.656509483635 1275.3064632932028
v -481.2493519515772 795.660308955516 1488.16958635333
v -1001.9599652314375 1143.3213876582595 1403.948630586029
v 903.6482136943893 1521.656509483635 1275.3064632932028
v -1479.7303745336853 802.9541637507433 -686.654589921671
v -481.249287136765 795.6602117332975 -686.6545746083909
v -1007.3461344722095 1047.3008874212228 -686.6545974467978
v 2104.9249360543836 988.949336505925 -1192.1181171866044
v 2158.9864157884194 988.9493708972637 -0.99208862645926
v 2101.2185644448764 1148.790560327162 -0.9920990145448351
v 1376.493379096121 1018.1251158390503 -686.6545601858116
v 1813.837638970767 792.0132080716603 -686.6545401915545
v 1813.837662916911 792.0131721524442 -1490.1537848327032
v 886.6328401803981 802.9541334659242 -686.6545546601117
v 886.6328641265422 802.9540975467081 -1490.1537993012605
v 704.2845917797542 159.55083681477151 -1320.4329289220605
v 2234.945326320276 913.528247663228 -1156.137986897927
v 2356.5598800923167 913.5282726845625 -0.9920811869375225
v 2158.9864157884194 988.9493708972637 -0.99208862645926
v -1007.3461344722095 1047.3008874212228 -686.6545974467978
v -481.249287136765 795.6602117332975 -686.6545746083909
v -481.2492631906209 795.6601758140814 -1490.1538192495395
v -2145.8996815333644 622.978296116899 -1320.4329990155427
v -2009.3573036377552 381.403237105504 -686.6545726873329
v -2009.3572847496862 381.4032087734006 -1320.432982581905
v -2009.357315644988 946.9364369129294 -0.9921482354511084
v -2009.3573240720893 381.4032677570052 -0.9921145270466988
v -2145.8997208557676 622.9783551005034 -0.9921309606844774
v -2145.8996815333644 622.978296116899 -1320.4329990155427
v -2124.8931670313336 925.9298593874443 -1354.0384829762593
v -2124.893207355258 925.9299198733303 -0.9921487049839267
v -1670.9048963836333 1897.8141085974469 -0.9921998688446956
v -1843.4875720305872 1837.7710254718008 -0.9921988616800675
v -1843.487536584693 1824.7364294147872 -1196.876278577887
v -697.1575673526379 2764.9657651763982 -0.9922370451475071
v -704.9581608590476 2677.265171714305 -940.6356787228221
v 268.5173171052503 2699.140615063558 -940.6356655207862
v -704.9581608590476 2677.265171714305 -940.6356787228221
v -697.1575673526379 2764.9657651763982 -0.9922370451475071
v -1670.9048963836333 1897.8141085974469 -0.9921998688446956
v 1376.493379096121 1018.1251158390503 -686.6545601858116
v 1376.4934059394168 1050.5291532827764 -1571.1640394576505
v 886.6328641265422 802.9540975467081 -1490.1537993012605
v 1376.2310947581407 1148.584705926151 -1406.7290978460126
v 1377.5335264698497 1368.1724157098301 -1241.7459108429784
v 903.6482897677157 1521.6563953736454 -1277.2907414617462
v -2009.3572740773166 946.9363745614223 -1395.7717178175212
v -2124.8931670313336 925.9298593874443 -1354.0384829762593
v -2145.8996815333644 622.978296116899 -1320.4329990155427
v 1813.837638970767 792.0132080716603 -686.6545401915545
v 1996.185863163736 361.86378386723527 -1320.4329217300244
v 1813.837662916911 792.0131721524442 -1490.1537848327032
v -1479.7303745336853 802.9541637507433 -686.654589921671
v -1479.7303505875414 802.9541278315272 -1490.1538345628196
v -1643.8437723518825 281.62228019589645 -1320.4329711879227
v -481.249287136765 795.6602117332975 -686.6545746083909
v -353.60549339436943 148.6100334030225 -686.6545341391533
v -353.60547450630054 148.6100050709191 -1320.4329440337253
v 2104.9249360543836 988.949336505925 -1192.1181171866044
v 2101.940026222281 421.5127710155793 -1153.629480818572
v 2234.945326320276 913.528247663228 -1156.137986897927
v -353.6055138287035 148.61006405452372 -0.9920759788670652
v 704.2845524573512 159.55089579837602 -0.9920608672020671
v 704.2845917797542 159.55083681477151 -1320.4329289220605
v -2124.8931670313336 925.9298593874443 -1354.0384829762593
v -2009.3572740773166 946.9363745614223 -1395.7717178175212
v -2009.357315644988 946.9364369129294 -0.9921482354511084
v -1479.7303505875414 802.9541278315272 -1490.1538345628196
v -1670.9048602953903 1884.7795115769095 -1218.4299375040537
v -1843.487536584693 1824.7364294147872 -1196.876278577887
v -2009.357315644988 946.9364369129294 -0.9921482354511084
v -2009.3572740773166 946.9363745614223 -1395.7717178175212
v -1843.487536584693 1824.7364294147872 -1196.876278577887
v 1377.5335264698497 1368.1724157098301 -1241.7459108429784
v 2101.2185644448764 1148.790560327162 -0.9920990145448351
v 1131.139516558876 1595.782295776331 -0.9921401126324867
v 2266.631396393097 510.27441341248914 -1151.445578560134
v 2333.564535289933 510.2744628470063 -0.9920574937941239
v 2356.5598800923167 913.5282726845625 -0.9920811869375225
v 2266.631396393097 510.27441341248914 -1151.445578560134
v 2101.940026222281 421.5127710155793 -1153.629480818572
v 2168.8731650540317 421.5128205477247 -0.9920546572803267
v -481.2492631906209 795.6601758140814 -1490.1538192495395
v -353.60547450630054 148.6100050709191 -1320.4329440337253
v 704.2845917797542 159.55083681477151 -1320.4329289220605
v -1479.7303505875414 802.9541278315272 -1490.1538345628196
v -2009.3572740773166 946.9363745614223 -1395.7717178175212
v -2009.3572847496862 381.4032087734006 -1320.432982581905
v -1010.6196206638074 1045.0877646581519 -1564.6277189538914
v -1001.95988149044 1143.321262046763 -1405.9329204450548
v -1479.7303505875414 802.9541278315272 -1490.1538345628196
v 886.6328641265422 802.9540975467081 -1490.1537993012605
v 1376.4934059394168 1050.5291532827764 -1571.1640394576505
v 1376.2310947581407 1148.584705926151 -1406.7290978460126
v -481.2492631906209 795.6601758140814 -1490.1538192495395
v -1001.95988149044 1143.321262046763 -1405.9329204450548
v -1010.6196206638074 1045.0877646581519 -1564.6277189538914
v 1566.6781947525435 990.7246378759779 -1445.042111233337
v 1376.2310947581407 1148.584705926151 -1406.7290978460126
v 1376.4934059394168 1050.5291532827764 -1571.1640394576505
v 2101.940026222281 421.5127710155793 -1153.629480818572
v 1991.1746000627406 142.73473629358978 -1162.4528287239432
v 2058.1079225780572 142.73478622016478 -0.9920396913448144
v 2058.1079225780572 142.73478622016478 -0.9920396913448144
v 1991.1746000627406 142.73473629358978 -1162.4528287239432
v 1956.760031104124 153.08694690246864 -688.8384510604538
v 1991.1746000627406 142.73473629358978 -1162.4528287239432
v 2101.940026222281 421.5127710155793 -1153.629480818572
v 1996.185863163736 361.86378386723527 -1320.4329217300244
v 886.6328401803981 802.9541334659242 -686.6545546601117
v 1956.760031104124 153.08694690246864 -688.8384510604538
v 1813.837638970767 792.0132080716603 -686.6545401915545
v 1956.760010604703 153.08697765160002 -0.9920418185850007
v 1956.760031104124 153.08694690246864 -688.8384510604538
v 704.2845728916852 159.5508651468749 -686.6545190274883
v -2009.3573240720893 381.4032677570052 -0.9921145270466988
v -1643.8438116742855 281.62233917950095 -0.9921031330643186
v -1643.8437723518825 281.62228019589645 -1320.4329711879227
v -1643.8438116742855 281.62233917950095 -0.9921031330643186
v -353.6055138287035 148.61006405452372 -0.9920759788670652
v -353.60549339436943 148.6100334030225 -686.6545341391533
v 1131.139516558876 1595.782295776331 -0.9921401126324867
v 343.4303048840125 2766.2110521255336 -0.9922216134057567
v 268.5173171052503 2699.140615063558 -940.6356655207862
v 903.6482897677157 1521.6563953736454 -1277.2907414617462
v 268.5173171052503 2699.140615063558 -940.6356655207862
v -704.9581608590476 2677.265171714305 -940.6356787228221
v 1376.2310947581407 1148.584705926151 -1406.7290978460126
v 2054.8802633926543 1148.7905085133284 -1190.9401339259703
v 1377.5335264698497 1368.1724157098301 -1241.7459108429784
v 1813.837662916911 792.0131721524442 -1490.1537848327032
v 2104.9249360543836 988.949336505925 -1192.1181171866044
v 1566.6781947525435 990.7246378759779 -1445.042111233337
v 1566.6781947525435 990.7246378759779 -1445.042111233337
v 2104.9249360543836 988.949336505925 -1192.1181171866044
v 2054.8802633926543 1148.7905085133284 -1190.9401339259703
v -1479.7303505875414 802.9541278315272 -1490.1538345628196
v -1479.7303745336853 802.9541637507433 -686.654589921671
v -1007.3461344722095 1047.3008874212228 -686.6545974467978
v -1001.95988149044 1143.321262046763 -1405.9329204450548
v 903.6482897677157 1521.6563953736454 -1277.2907414617462
v -1670.9048602953903 1884.7795115769095 -1218.4299375040537
v -481.249287136765 795.6602117332975 -686.6545746083909
v -1479.7303745336853 802.9541637507433 -686.654589921671
v -353.60549339436943 148.6100334030225 -686.6545341391533
v -353.60549339436943 148.6100334030225 -686.6545341391533
v -1479.7303745336853 802.9541637507433 -686.654589921671
v -1643.8437912399513 281.62230852799985 -686.6545612933505
v 2104.9249360543836 988.949336505925 -1192.1181171866044
v 2101.2185644448764 1148.790560327162 -0.9920990145448351
v 2054.8802633926543 1148.7905085133284 -1190.9401339259703
v 1376.493379096121 1018.1251158390503 -686.6545601858116
v 1813.837662916911 792.0131721524442 -1490.1537848327032
v 1376.4934059394168 1050.5291532827764 -1571.1640394576505
v 886.6328401803981 802.9541334659242 -686.6545546601117
v 704.2845917797542 159.55083681477151 -1320.4329289220605
v 704.2845728916852 159.5508651468749 -686.6545190274883
v 2234.945326320276 913.528247663228 -1156.137986897927
v 2158.9864157884194 988.9493708972637 -0.99208862645926
v 2104.9249360543836 988.949336505925 -1192.1181171866044
v -1007.3461344722095 1047.3008874212228 -686.6545974467978
v -481.2492631906209 795.6601758140814 -1490.1538192495395
v -1010.6196206638074 1045.0877646581519 -1564.6277189538914
v -2009.3573240720893 381.4032677570052 -0.9921145270466988
v -2009.3573036377552 381.403237105504 -686.6545726873329
v -2145.8997208557676 622.9783551005034 -0.9921309606844774
v -2145.8997208557676 622.9783551005034 -0.9921309606844774
v -2009.3573036377552 381.403237105504 -686.6545726873329
v -2145.8996815333644 622.978296116899 -1320.4329990155427
v -2009.357315644988 946.9364369129294 -0.9921482354511084
v -2145.8997208557676 622.9783551005034 -0.9921309606844774
v -2124.893207355258 925.9299198733303 -0.9921487049839267
v -2145.8996815333644 622.978296116899 -1320.4329990155427
v -2124.893207355258 925.9299198733303 -0.9921487049839267
v -2145.8997208557676 622.9783551005034 -0.9921309606844774
v -1670.9048963836333 1897.8141085974469 -0.9921998688446956
v -1843.487536584693 1824.7364294147872 -1196.876278577887
v -1670.9048602953903 1884.7795115769095 -1218.4299375040537
v -697.1575673526379 2764.9657651763982 -0.9922370451475071
v 268.5173171052503 2699.140615063558 -940.6356655207862
v 343.4303048840125 2766.2110521255336 -0.9922216134057567
v -704.9581608590476 2677.265171714305 -940.6356787228221
v -1670.9048963836333 1897.8141085974469 -0.9921998688446956
v -1670.9048602953903 1884.7795115769095 -1218.4299375040537
v 1376.493379096121 1018.1251158390503 -686.6545601858116
v 886.6328641265422 802.9540975467081 -1490.1537993012605
v 886.6328401803981 802.9541334659242 -686.6545546601117
v 1376.2310947581407 1148.584705926151 -1406.7290978460126
v 903.6482897677157 1521.6563953736454 -1277.2907414617462
v 886.6328641265422 802.9540975467081 -1490.1537993012605
v -2009.3572740773166 946.9363745614223 -1395.7717178175212
v -2145.8996815333644 622.978296116899 -1320.4329990155427
v -2009.3572847496862 381.4032087734006 -1320.432982581905
v 1956.7600499921914 153.0869185703673 -1322.6168149683954
v 1996.185863163736 361.86378386723527 -1320.4329217300244
v 1956.760031104124 153.08694690246864 -688.8384510604538
v 1956.760031104124 153.08694690246864 -688.8384510604538
v 1996.185863163736 361.86378386723527 -1320.4329217300244
v 1813.837638970767 792.0132080716603 -686.6545401915545
v -1479.7303745336853 802.9541637507433 -686.654589921671
v -1643.8437723518825 281.62228019589645 -1320.4329711879227
v -1643.8437912399513 281.62230852799985 -686.6545612933505
v -481.249287136765 795.6602117332975 -686.6545746083909
v -353.60547450630054 148.6100050709191 -1320.4329440337253
v -481.2492631906209 795.6601758140814 -1490.1538192495395
v 2234.945326320276 913.528247663228 -1156.137986897927
v 2101.940026222281 421.5127710155793 -1153.629480818572
v 2266.631396393097 510.27441341248914 -1151.445578560134
v 2101.940026222281 421.5127710155793 -1153.629480818572
v 1813.837662916911 792.0131721524442 -1490.1537848327032
v 1996.185863163736 361.86378386723527 -1320.4329217300244
v 1813.837662916911 792.0131721524442 -1490.1537848327032
v 2101.940026222281 421.5127710155793 -1153.629480818572
v 2104.9249360543836 988.949336505925 -1192.1181171866044
v -353.6055138287035 148.61006405452372 -0.9920759788670652
v 704.2845917797542 159.55083681477151 -1320.4329289220605
v -353.60547450630054 148.6100050709191 -1320.4329440337253
v -2124.8931670313336 925.9298593874443 -1354.0384829762593
v -2009.357315644988 946.9364369129294 -0.9921482354511084
v -2124.893207355258 925.9299198733303 -0.9921487049839267
v -1670.9048602953903 1884.7795115769095 -1218.4299375040537
v -1479.7303505875414 802.9541278315272 -1490.1538345628196
v -1001.95988149044 1143.321262046763 -1405.9329204450548
v -1479.7303505875414 802.9541278315272 -1490.1538345628196
v -1843.487536584693 1824.7364294147872 -1196.876278577887
v -2009.3572740773166 946.9363745614223 -1395.7717178175212
v -2009.357315644988 946.9364369129294 -0.9921482354511084
v -1843.487536584693 1824.7364294147872 -1196.876278577887
v -1843.4875720305872 1837.7710254718008 -0.9921988616800675
v 2101.2185644448764 1148.790560327162 -0.9920990145448351
v 1377.5335264698497 1368.1724157098301 -1241.7459108429784
v 2054.8802633926543 1148.7905085133284 -1190.9401339259703
v 1377.5335264698497 1368.1724157098301 -1241.7459108429784
v 1131.139516558876 1595.782295776331 -0.9921401126324867
v 903.6482897677157 1521.6563953736454 -1277.2907414617462
v 2266.631396393097 510.27441341248914 -1151.445578560134
v 2356.5598800923167 913.5282726845625 -0.9920811869375225
v 2234.945326320276 913.528247663228 -1156.137986897927
v 2266.631396393097 510.27441341248914 -1151.445578560134
v 2168.8731650540317 421.5128205477247 -0.9920546572803267
v 2333.564535289933 510.2744628470063 -0.9920574937941239
v -481.2492631906209 795.6601758140814 -1490.1538192495395
v 704.2845917797542 159.55083681477151 -1320.4329289220605
v 886.6328641265422 802.9540975467081 -1490.1537993012605
v -1479.7303505875414 802.9541278315272 -1490.1538345628196
v -2009.3572847496862 381.4032087734006 -1320.432982581905
v -1643.8437723518825 281.62228019589645 -1320.4329711879227
v 1566.6781947525435 990.7246378759779 -1445.042111233337
v 1376.4934059394168 1050.5291532827764 -1571.1640394576505
v 1813.837662916911 792.0131721524442 -1490.1537848327032
v 2101.940026222281 421.5127710155793 -1153.629480818572
v 2058.1079225780572 142.73478622016478 -0.9920396913448144
v 2168.8731650540317 421.5128205477247 -0.9920546572803267
v 1956.760010604703 153.08697765160002 -0.9920418185850007
v 2058.1079225780572 142.73478622016478 -0.9920396913448144
v 1956.760031104124 153.08694690246864 -688.8384510604538
v 1956.760031104124 153.08694690246864 -688.8384510604538
v 1991.1746000627406 142.73473629358978 -1162.4528287239432
v 1956.7600499921914 153.0869185703673 -1322.6168149683954
v 1991.1746000627406 142.73473629358978 -1162.4528287239432
v 1996.185863163736 361.86378386723527 -1320.4329217300244
v 1956.7600499921914 153.0869185703673 -1322.6168149683954
v 1956.760031104124 153.08694690246864 -688.8384510604538
v 886.6328401803981 802.9541334659242 -686.6545546601117
v 704.2845728916852 159.5508651468749 -686.6545190274883
v 886.6328401803981 802.9541334659242 -686.6545546601117
v 1813.837638970767 792.0132080716603 -686.6545401915545
v 1376.493379096121 1018.1251158390503 -686.6545601858116
v 1956.760010604703 153.08697765160002 -0.9920418185850007
v 704.2845728916852 159.5508651468749 -686.6545190274883
v 704.2845524573512 159.55089579837602 -0.9920608672020671
v -2009.3573240720893 381.4032677570052 -0.9921145270466988
v -1643.8437723518825 281.62228019589645 -1320.4329711879227
v -2009.3572847496862 381.4032087734006 -1320.432982581905
v -1643.8438116742855 281.62233917950095 -0.9921031330643186
v -353.60549339436943 148.6100334030225 -686.6545341391533
v -1643.8437912399513 281.62230852799985 -686.6545612933505
v 1131.139516558876 1595.782295776331 -0.9921401126324867
v 268.5173171052503 2699.140615063558 -940.6356655207862
v 903.6482897677157 1521.6563953736454 -1277.2907414617462
v 903.6482897677157 1521.6563953736454 -1277.2907414617462
v -704.9581608590476 2677.265171714305 -940.6356787228221
v -1670.9048602953903 1884.7795115769095 -1218.4299375040537
v 1566.6781947525435 990.7246378759779 -1445.042111233337
v 2054.8802633926543 1148.7905085133284 -1190.9401339259703
v 1376.2310947581407 1148.584705926151 -1406.7290978460126
v -1479.7303505875414 802.9541278315272 -1490.1538345628196
v -1007.3461344722095 1047.3008874212228 -686.6545974467978
v -1010.6196206638074 1045.0877646581519 -1564.6277189538914
v 886.6328641265422 802.9540975467081 -1490.1537993012605
v 903.6482897677157 1521.6563953736454 -1277.2907414617462
v -481.2492631906209 795.6601758140814 -1490.1538192495395
v -481.2492631906209 795.6601758140814 -1490.1538192495395
v 903.6482897677157 1521.6563953736454 -1277.2907414617462
v -1001.95988149044 1143.321262046763 -1405.9329204450548
vt 0.0390625 0.0390625
vt 0.1015625 0.0078125
vt 0.171875 0.03125
vt 0.953125 0.046875
vt 0.9296875 0.2109375
vt 0.953125 0.2109375
vt 0.7734375 0.1484375
vt 0.8828125 0.0859375
vt 0.7734375 0.0859375
vt 0.1015625 0.015625
vt 0.015625 0.1015625
vt 0.1015625 0.125
vt 0.921875 0.265625
vt 0.9375 0.421875
vt 0.9140625 0.421875
vt 0.796875 0.578125
vt 0.90625 0.5078125
vt 0.796875 0.5078125
vt 0.4375 0.203125
vt 0.40625 0.203125
vt 0.40625 0.1171875
vt 0.4384227693080902 0.2040477991104126
vt 0.4833296239376068 0.024360299110412598
vt 0.4833296239376068 0.2118602991104126
vt 0.5703125 0.6953125
vt 0.40625 0.671875
vt 0.5703125 0.671875
vt 0.5703125 0.8359375
vt 0.4375 0.96875
vt 0.4375 0.8359375
vt 0.4375 0.8359375
vt 0.5703125 0.6953125
vt 0.5703125 0.8359375
vt 0.7734375 0.1484375
vt 0.8828125 0.2109375
vt 0.8984375 0.1484375
vt 0.234375 0.5
vt 0.1875 0.5625
vt 0.203125 0.5
vt 0.2578125 0.953125
vt 0.3046875 0.9765625
vt 0.2578125 0.96875
vt 0.8984375 0.671875
vt 0.8984375 0.78125
vt 0.8359375 0.7578125
vt 0.109375 0.0078125
vt 0.03125 0.078125
vt 0.109375 0.1171875
vt 0.7109375 0.09375
vt 0.625 0.171875
vt 0.625 0.09375
vt 0.2578125 0.3984375
vt 0.265625 0.3828125
vt 0.3359375 0.3984375
vt 0.765625 0.640625
vt 0.625 0.453125
vt 0.625 0.640625
vt 0.9140625 0.96875
vt 0.9296875 0.7890625
vt 0.9296875 0.9765625
vt 0.28125 0.8828125
vt 0.140625 0.9296875
vt 0.1328125 0.90625
vt 0.7421875 0.421875
vt 0.625 0.2578125
vt 0.7421875 0.234375
vt 0.46875 0.4140625
vt 0.4296875 0.2421875
vt 0.5625 0.2421875
vt 0.5 0.203125
vt 0.5546875 0.0546875
vt 0.5 0.0546875
vt 0.953125 0.484375
vt 0.9765625 0.6484375
vt 0.9765625 0.484375
vt 0.28125 0.75
vt 0.3671875 0.5859375
vt 0.3671875 0.734375
vt 0.28125 0.8828125
vt 0.3359375 0.9609375
vt 0.2578125 0.953125
vt 0.1171875 0.4765625
vt 0.1015625 0.546875
vt 0.09375 0.4765625
vt 0.1328125 0.5390625
vt 0.125 0.4765625
vt 0.1484375 0.4765625
vt 0.1015625 0.40625
vt 0.1171875 0.4765625
vt 0.09375 0.4765625
vt 0.125 0.453125
vt 0.1484375 0.4765625
vt 0.125 0.4765625
vt 0.828125 0.9296875
vt 0.796875 0.7734375
vt 0.796875 0.9296875
vt 0.5859375 0.46875
vt 0.5703125 0.5625
vt 0.578125 0.625
vt 0.796875 0.9296875
vt 0.8203125 0.953125
vt 0.828125 0.9296875
vt 0.0546875 0.0859375
vt 0.0546875 0.03125
vt 0.140625 0.0078125
vt 0.5703125 0.4609375
vt 0.40625 0.5625
vt 0.5703125 0.5625
vt 0.3203125 0.1640625
vt 0.3671875 0.34375
vt 0.3671875 0.15625
vt 0.78125 0.421875
vt 0.875 0.25
vt 0.7734375 0.25
vt 0.765625 0.96875
vt 0.6015625 0.84375
vt 0.59375 0.984375
vt 0.1875 0.5625
vt 0.0234375 0.7734375
vt 0.0234375 0.6484375
vt 0.234375 0.5
vt 0.203125 0.5
vt 0.234375 0.40625
vt 0.2890625 0.4375
vt 0.2578125 0.4765625
vt 0.2578125 0.3984375
vt 0.2578125 0.4765625
vt 0.234375 0.40625
vt 0.2578125 0.3984375
vt 0.90625 0.6484375
vt 0.796875 0.578125
vt 0.796875 0.6484375
vt 0.234375 0.8203125
vt 0.1328125 0.90625
vt 0.1875 0.5625
vt 0.171875 0.03125
vt 0.1875 0.109375
vt 0.0390625 0.0390625
vt 0.1875 0.109375
vt 0.015625 0.109375
vt 0.0390625 0.0390625
vt 0.953125 0.046875
vt 0.9296875 0.046875
vt 0.9296875 0.2109375
vt 0.7734375 0.1484375
vt 0.8984375 0.1484375
vt 0.8828125 0.0859375
vt 0.1015625 0.015625
vt 0.015625 0.015625
vt 0.015625 0.1015625
vt 0.921875 0.265625
vt 0.9375 0.2578125
vt 0.9375 0.421875
vt 0.796875 0.578125
vt 0.921875 0.578125
vt 0.90625 0.5078125
vt 0.40625 0.0234375
vt 0.4375 0.0234375
vt 0.40625 0.1171875
vt 0.4375 0.0234375
vt 0.4375 0.203125
vt 0.40625 0.1171875
vt 0.4384227693080902 0.2040477991104126
vt 0.4384227693080902 0.024360299110412598
vt 0.4833296239376068 0.024360299110412598
vt 0.5703125 0.6953125
vt 0.3984375 0.6953125
vt 0.40625 0.671875
vt 0.5703125 0.8359375
vt 0.5703125 0.984375
vt 0.4375 0.96875
vt 0.4375 0.8359375
vt 0.3984375 0.6953125
vt 0.5703125 0.6953125
vt 0.7734375 0.1484375
vt 0.7734375 0.2109375
vt 0.8828125 0.2109375
vt 0.234375 0.5
vt 0.28125 0.5625
vt 0.1875 0.5625
vt 0.2578125 0.953125
vt 0.3359375 0.9609375
vt 0.3046875 0.9765625
vt 0.8125 0.7578125
vt 0.8125 0.671875
vt 0.8359375 0.7578125
vt 0.8125 0.671875
vt 0.8984375 0.671875
vt 0.8359375 0.7578125
vt 0.109375 0.0078125
vt 0.0390625 0.0078125
vt 0.03125 0.078125
vt 0.7109375 0.09375
vt 0.7109375 0.1953125
vt 0.625 0.171875
vt 0.265625 0.3828125
vt 0.3203125 0.375
vt 0.3359375 0.3984375
vt 0.3359375 0.3984375
vt 0.34375 0.4140625
vt 0.2890625 0.4375
vt 0.2890625 0.4375
vt 0.2578125 0.3984375
vt 0.3359375 0.3984375
vt 0.765625 0.640625
vt 0.765625 0.453125
vt 0.625 0.453125
vt 0.9140625 0.96875
vt 0.9140625 0.7890625
vt 0.9296875 0.7890625
vt 0.1328125 0.90625
vt 0.234375 0.8203125
vt 0.28125 0.8828125
vt 0.28125 0.8828125
vt 0.2578125 0.953125
vt 0.140625 0.9296875
vt 0.7421875 0.421875
vt 0.625 0.421875
vt 0.625 0.2578125
vt 0.5625 0.2421875
vt 0.5625 0.40625
vt 0.46875 0.4140625
vt 0.46875 0.4140625
vt 0.40625 0.421875
vt 0.4296875 0.2421875
vt 0.5 0.203125
vt 0.5546875 0.203125
vt 0.5546875 0.0546875
vt 0.953125 0.484375
vt 0.953125 0.6484375
vt 0.9765625 0.6484375
vt 0.28125 0.75
vt 0.28125 0.5625
vt 0.3671875 0.5859375
vt 0.28125 0.8828125
vt 0.3515625 0.90625
vt 0.3359375 0.9609375
vt 0.125 0.453125
vt 0.1328125 0.4140625
vt 0.1484375 0.4765625
vt 0.828125 0.9296875
vt 0.828125 0.7734375
vt 0.796875 0.7734375
vt 0.5703125 0.4609375
vt 0.5703125 0.5625
vt 0.5859375 0.46875
vt 0.5703125 0.5625
vt 0.5703125 0.640625
vt 0.578125 0.625
vt 0.796875 0.9296875
vt 0.796875 0.953125
vt 0.8203125 0.953125
vt 0.140625 0.0078125
vt 0.140625 0.109375
vt 0.0546875 0.0859375
vt 0.0546875 0.0859375
vt 0.0234375 0.0859375
vt 0.0546875 0.03125
vt 0.5703125 0.4609375
vt 0.40625 0.4609375
vt 0.40625 0.5625
vt 0.3203125 0.1640625
vt 0.3203125 0.34375
vt 0.3671875 0.34375
vt 0.78125 0.421875
vt 0.875 0.421875
vt 0.875 0.25
vt 0.765625 0.96875
vt 0.765625 0.7890625
vt 0.6015625 0.84375
vt 0.1875 0.5625
vt 0.1328125 0.90625
vt 0.0234375 0.7734375
vt 0.2578125 0.4765625
vt 0.234375 0.5
vt 0.234375 0.40625
vt 0.90625 0.6484375
vt 0.921875 0.578125
vt 0.796875 0.578125
vt 0.28125 0.5625
vt 0.28125 0.75
vt 0.1875 0.5625
vt 0.28125 0.75
vt 0.234375 0.8203125
vt 0.1875 0.5625
vt 0.0390625 0.0390625
vt 0.171875 0.03125
vt 0.1015625 0.0078125
vt 0.953125 0.046875
vt 0.953125 0.2109375
vt 0.9296875 0.2109375
vt 0.7734375 0.1484375
vt 0.7734375 0.0859375
vt 0.8828125 0.0859375
vt 0.1015625 0.015625
vt 0.1015625 0.125
vt 0.015625 0.1015625
vt 0.921875 0.265625
vt 0.9140625 0.421875
vt 0.9375 0.421875
vt 0.796875 0.578125
vt 0.796875 0.5078125
vt 0.90625 0.5078125
vt 0.4375 0.203125
vt 0.40625 0.1171875
vt 0.40625 0.203125
vt 0.6171875 0.6875
vt 0.6171875 0.7578125
vt 0.6015625 0.7265625
vt 0.4384227693080902 0.2040477991104126
vt 0.4833296239376068 0.2118602991104126
vt 0.4833296239376068 0.024360299110412598
vt 0.5703125 0.6953125
vt 0.5703125 0.671875
vt 0.40625 0.671875
vt 0.5703125 0.8359375
vt 0.4375 0.8359375
vt 0.4375 0.96875
vt 0.4375 0.8359375
vt 0.5703125 0.8359375
vt 0.5703125 0.6953125
vt 0.7734375 0.1484375
vt 0.8984375 0.1484375
vt 0.8828125 0.2109375
vt 0.234375 0.5
vt 0.203125 0.5
vt 0.1875 0.5625
vt 0.2578125 0.953125
vt 0.2578125 0.96875
vt 0.3046875 0.9765625
vt 0.8984375 0.671875
vt 0.8359375 0.7578125
vt 0.8984375 0.78125
vt 0.109375 0.0078125
vt 0.109375 0.1171875
vt 0.03125 0.078125
vt 0.7109375 0.09375
vt 0.625 0.09375
vt 0.625 0.171875
vt 0.2578125 0.3984375
vt 0.3359375 0.3984375
vt 0.265625 0.3828125
vt 0.765625 0.640625
vt 0.625 0.640625
vt 0.625 0.453125
vt 0.9140625 0.96875
vt 0.9296875 0.9765625
vt 0.9296875 0.7890625
vt 0.28125 0.8828125
vt 0.1328125 0.90625
vt 0.140625 0.9296875
vt 0.7421875 0.421875
vt 0.7421875 0.234375
vt 0.625 0.2578125
vt 0.46875 0.4140625
vt 0.5625 0.2421875
vt 0.4296875 0.2421875
vt 0.5 0.203125
vt 0.5 0.0546875
vt 0.5546875 0.0546875
vt 0.953125 0.484375
vt 0.9765625 0.484375
vt 0.9765625 0.6484375
vt 0.28125 0.75
vt 0.3671875 0.734375
vt 0.3671875 0.5859375
vt 0.28125 0.8828125
vt 0.2578125 0.953125
vt 0.3359375 0.9609375
vt 0.1171875 0.4765625
vt 0.09375 0.4765625
vt 0.1015625 0.546875
vt 0.1328125 0.5390625
vt 0.1484375 0.4765625
vt 0.125 0.4765625
vt 0.1015625 0.40625
vt 0.09375 0.4765625
vt 0.1171875 0.4765625
vt 0.125 0.453125
vt 0.125 0.4765625
vt 0.1484375 0.4765625
vt 0.828125 0.9296875
vt 0.796875 0.9296875
vt 0.796875 0.7734375
vt 0.5859375 0.46875
vt 0.578125 0.625
vt 0.5703125 0.5625
vt 0.796875 0.9296875
vt 0.828125 0.9296875
vt 0.8203125 0.953125
vt 0.0546875 0.0859375
vt 0.140625 0.0078125
vt 0.0546875 0.03125
vt 0.5703125 0.4609375
vt 0.5703125 0.5625
vt 0.40625 0.5625
vt 0.3203125 0.1640625
vt 0.3671875 0.15625
vt 0.3671875 0.34375
vt 0.78125 0.421875
vt 0.7734375 0.25
vt 0.875 0.25
vt 0.765625 0.96875
vt 0.59375 0.984375
vt 0.6015625 0.84375
vt 0.1875 0.5625
vt 0.0234375 0.6484375
vt 0.0234375 0.7734375
vt 0.234375 0.5
vt 0.234375 0.40625
vt 0.203125 0.5
vt 0.2890625 0.4375
vt 0.2578125 0.3984375
vt 0.2578125 0.4765625
vt 0.2578125 0.4765625
vt 0.2578125 0.3984375
vt 0.234375 0.40625
vt 0.90625 0.6484375
vt 0.796875 0.6484375
vt 0.796875 0.578125
vt 0.234375 0.8203125
vt 0.1875 0.5625
vt 0.1328125 0.90625
vt 0.171875 0.03125
vt 0.0390625 0.0390625
vt 0.1875 0.109375
vt 0.1875 0.109375
vt 0.0390625 0.0390625
vt 0.015625 0.109375
vt 0.953125 0.046875
vt 0.9296875 0.2109375
vt 0.9296875 0.046875
vt 0.7734375 0.1484375
vt 0.8828125 0.0859375
vt 0.8984375 0.1484375
vt 0.1015625 0.015625
vt 0.015625 0.1015625
vt 0.015625 0.015625
vt 0.921875 0.265625
vt 0.9375 0.421875
vt 0.9375 0.2578125
vt 0.796875 0.578125
vt 0.90625 0.5078125
vt 0.921875 0.578125
vt 0.40625 0.0234375
vt 0.40625 0.1171875
vt 0.4375 0.0234375
vt 0.4375 0.0234375
vt 0.40625 0.1171875
vt 0.4375 0.203125
vt 0.6171875 0.6875
vt 0.6015625 0.7265625
vt 0.6015625 0.6875
vt 0.4384227693080902 0.2040477991104126
vt 0.4833296239376068 0.024360299110412598
vt 0.4384227693080902 0.024360299110412598
vt 0.5703125 0.6953125
vt 0.40625 0.671875
vt 0.3984375 0.6953125
vt 0.5703125 0.8359375
vt 0.4375 0.96875
vt 0.5703125 0.984375
vt 0.4375 0.8359375
vt 0.5703125 0.6953125
vt 0.3984375 0.6953125
vt 0.7734375 0.1484375
vt 0.8828125 0.2109375
vt 0.7734375 0.2109375
vt 0.234375 0.5
vt 0.1875 0.5625
vt 0.28125 0.5625
vt 0.2578125 0.953125
vt 0.3046875 0.9765625
vt 0.3359375 0.9609375
vt 0.8125 0.7578125
vt 0.8359375 0.7578125
vt 0.8125 0.671875
vt 0.8125 0.671875
vt 0.8359375 0.7578125
vt 0.8984375 0.671875
vt 0.109375 0.0078125
vt 0.03125 0.078125
vt 0.0390625 0.0078125
vt 0.7109375 0.09375
vt 0.625 0.171875
vt 0.7109375 0.1953125
vt 0.265625 0.3828125
vt 0.3359375 0.3984375
vt 0.3203125 0.375
vt 0.3359375 0.3984375
vt 0.2890625 0.4375
vt 0.34375 0.4140625
vt 0.2890625 0.4375
vt 0.3359375 0.3984375
vt 0.2578125 0.3984375
vt 0.765625 0.640625
vt 0.625 0.453125
vt 0.765625 0.453125
vt 0.9140625 0.96875
vt 0.9296875 0.7890625
vt 0.9140625 0.7890625
vt 0.1328125 0.90625
vt 0.28125 0.8828125
vt 0.234375 0.8203125
vt 0.28125 0.8828125
vt 0.140625 0.9296875
vt 0.2578125 0.953125
vt 0.7421875 0.421875
vt 0.625 0.2578125
vt 0.625 0.421875
vt 0.5625 0.2421875
vt 0.46875 0.4140625
vt 0.5625 0.40625
vt 0.46875 0.4140625
vt 0.4296875 0.2421875
vt 0.40625 0.421875
vt 0.5 0.203125
vt 0.5546875 0.0546875
vt 0.5546875 0.203125
vt 0.953125 0.484375
vt 0.9765625 0.6484375
vt 0.953125 0.6484375
vt 0.28125 0.75
vt 0.3671875 0.5859375
vt 0.28125 0.5625
vt 0.28125 0.8828125
vt 0.3359375 0.9609375
vt 0.3515625 0.90625
vt 0.125 0.453125
vt 0.1484375 0.4765625
vt 0.1328125 0.4140625
vt 0.828125 0.9296875
vt 0.796875 0.7734375
vt 0.828125 0.7734375
vt 0.5703125 0.4609375
vt 0.5859375 0.46875
vt 0.5703125 0.5625
vt 0.5703125 0.5625
vt 0.578125 0.625
vt 0.5703125 0.640625
vt 0.796875 0.9296875
vt 0.8203125 0.953125
vt 0.796875 0.953125
vt 0.140625 0.0078125
vt 0.0546875 0.0859375
vt 0.140625 0.109375
vt 0.0546875 0.0859375
vt 0.0546875 0.03125
vt 0.0234375 0.0859375
vt 0.5703125 0.4609375
vt 0.40625 0.5625
vt 0.40625 0.4609375
vt 0.3203125 0.1640625
vt 0.3671875 0.34375
vt 0.3203125 0.34375
vt 0.78125 0.421875
vt 0.875 0.25
vt 0.875 0.421875
vt 0.765625 0.96875
vt 0.6015625 0.84375
vt 0.765625 0.7890625
vt 0.1875 0.5625
vt 0.0234375 0.7734375
vt 0.1328125 0.90625
vt 0.2578125 0.4765625
vt 0.234375 0.40625
vt 0.234375 0.5
vt 0.90625 0.6484375
vt 0.796875 0.578125
vt 0.921875 0.578125
vt 0.28125 0.5625
vt 0.1875 0.5625
vt 0.28125 0.75
vt 0.28125 0.75
vt 0.1875 0.5625
vt 0.234375 0.8203125
vn 1.4901160250157956e-8 -5.960464632970275e-8 -0.9999999999999981
vn 1.4901160250157956e-8 -5.960464632970275e-8 -0.9999999999999981
vn 1.4901160250157956e-8 -5.960464632970275e-8 -0.9999999999999981
vn -0.9396097560929234 -0.339580368407004 -0.042645980438496114
vn -0.9396097560929234 -0.339580368407004 -0.042645980438496114
vn -0.9396097560929234 -0.339580368407004 -0.042645980438496114
vn 0.45926178317984684 0.8883009706796828 -2.6023080766546047e-8
vn 0.45926178317984684 0.8883009706796828 -2.6023080766546047e-8
vn 0.45926178317984684 0.8883009706796828 -2.6023080766546047e-8
vn -0.9621068798221203 0.27267260918350916 -4.0862435840132906e-8
vn -0.9621068798221203 0.27267260918350916 -4.0862435840132906e-8
vn -0.9621068798221203 0.27267260918350916 -4.0862435840132906e-8
vn -0.35638432502068634 -0.9335857949118038 -0.03752034672607792
vn -0.35638432502068634 -0.9335857949118038 -0.03752034672607792
vn -0.35638432502068634 -0.9335857949118038 -0.03752034672607792
vn 0.43149615703507876 0.9021147745514192 -2.7468086095852673e-8
vn 0.43149615703507876 0.9021147745514192 -2.7468086095852673e-8
vn 0.43149615703507876 0.9021147745514192 -2.7468086095852673e-8
vn 0.8705630043538304 0.49205696362355544 3.948138980957081e-9
vn 0.8705630043538304 0.49205696362355544 3.948138980957081e-9
vn 0.8705630043538304 0.49205696362355544 3.948138980957081e-9
vn 0.9976046858260981 -0.0691729052289348 3.2823207033149884e-8
vn 0.9976046858260981 -0.0691729052289348 3.2823207033149884e-8
vn 0.9976046858260981 -0.0691729052289348 3.2823207033149884e-8
vn 0.3285727313808739 -0.944422575237715 -0.010293666706998304
vn 0.3285727313808739 -0.944422575237715 -0.010293666706998304
vn 0.3285727313808739 -0.944422575237715 -0.010293666706998304
vn 0.022369037954401802 -0.9954406671382204 -0.09272272832703475
vn 0.022369037954401802 -0.9954406671382204 -0.09272272832703475
vn 0.022369037954401802 -0.9954406671382204 -0.09272272832703475
vn 0.6636827994428722 -0.7452669902470079 -0.06404884832562134
vn 0.6636827994428722 -0.7452669902470079 -0.06404884832562134
vn 0.6636827994428722 -0.7452669902470079 -0.06404884832562134
vn -0.44650184875565535 0.894182855555646 -0.032758508637184235
vn -0.44650184875565535 0.894182855555646 -0.032758508637184235
vn -0.44650184875565535 0.894182855555646 -0.032758508637184235
vn -0.24641951779459492 -0.5812235731316078 -0.7755363171934669
vn -0.24641951779459492 -0.5812235731316078 -0.7755363171934669
vn -0.24641951779459492 -0.5812235731316078 -0.7755363171934669
vn 0.3253773110407943 0.08193466901739895 -0.9420277678884373
vn 0.3253773110407943 0.08193466901739895 -0.9420277678884373
vn 0.3253773110407943 0.08193466901739895 -0.9420277678884373
vn 0.9206887743183402 0.3902975542380357 9.991003564821282e-9
vn 0.9206887743183402 0.3902975542380357 9.991003564821282e-9
vn 0.9206887743183402 0.3902975542380357 9.991003564821282e-9
vn -0.9538542473119298 0.3002700033053419 -4.185018790414571e-8
vn -0.9538542473119298 0.3002700033053419 -4.185018790414571e-8
vn -0.9538542473119298 0.3002700033053419 -4.185018790414571e-8
vn 0.9810922978951238 0.19354044283008426 2.0586897394945415e-8
vn 0.9810922978951238 0.19354044283008426 2.0586897394945415e-8
vn 0.9810922978951238 0.19354044283008426 2.0586897394945415e-8
vn -0.2297786641906717 0.06706600507034918 -0.9709294085805901
vn -0.2297786641906717 0.06706600507034918 -0.9709294085805901
vn -0.2297786641906717 0.06706600507034918 -0.9709294085805901
vn -0.010341572470565438 0.999946524509603 -4.500929697914385e-8
vn -0.010341572470565438 0.999946524509603 -4.500929697914385e-8
vn -0.010341572470565438 0.999946524509603 -4.500929697914385e-8
vn 0.1788853437824082 -0.9838699272667334 4.931361298264021e-8
vn 0.1788853437824082 -0.9838699272667334 4.931361298264021e-8
vn 0.1788853437824082 -0.9838699272667334 4.931361298264021e-8
vn 0.19184706482479577 -0.20705568893274418 -0.9593344804596035
vn 0.19184706482479577 -0.20705568893274418 -0.9593344804596035
vn 0.19184706482479577 -0.20705568893274418 -0.9593344804596035
vn 0.9826112492168293 -0.18567480419416332 3.758440864211995e-8
vn 0.9826112492168293 -0.18567480419416332 3.758440864211995e-8
vn 0.9826112492168293 -0.18567480419416332 3.758440864211995e-8
vn -0.4170378132751664 -0.9050717991332602 -0.08321358490265332
vn -0.4170378132751664 -0.9050717991332602 -0.08321358490265332
vn -0.4170378132751664 -0.9050717991332602 -0.08321358490265332
vn -0.9966980925416952 0.05683603237295273 -0.05798773790938122
vn -0.9966980925416952 0.05683603237295273 -0.05798773790938122
vn -0.9966980925416952 0.05683603237295273 -0.05798773790938122
vn -0.4745424009072624 0.8798011979493318 -0.027556520609318815
vn -0.4745424009072624 0.8798011979493318 -0.027556520609318815
vn -0.4745424009072624 0.8798011979493318 -0.027556520609318815
vn -0.0026188666470840383 0.2532321814616872 -0.9674019866682309
vn -0.0026188666470840383 0.2532321814616872 -0.9674019866682309
vn -0.0026188666470840383 0.2532321814616872 -0.9674019866682309
vn 0.2078992163940498 0.12916520119398414 -0.9695845845635426
vn 0.2078992163940498 0.12916520119398414 -0.9695845845635426
vn 0.2078992163940498 0.12916520119398414 -0.9695845845635426
vn 0.4652589496667739 -0.7637843986642935 -0.44740082935997566
vn 0.4652589496667739 -0.7637843986642935 -0.44740082935997566
vn 0.4652589496667739 -0.7637843986642935 -0.44740082935997566
vn 0.46044113241130824 -0.762100502101964 -0.4551887391837881
vn 0.46044113241130824 -0.762100502101964 -0.4551887391837881
vn 0.46044113241130824 -0.762100502101964 -0.4551887391837881
vn -0.42666148070392823 -0.7583990991688939 -0.4927380513653697
vn -0.42666148070392823 -0.7583990991688939 -0.4927380513653697
vn -0.42666148070392823 -0.7583990991688939 -0.4927380513653697
vn -0.5203769931416063 -0.7337983397805921 -0.43674681629537637
vn -0.5203769931416063 -0.7337983397805921 -0.43674681629537637
vn -0.5203769931416063 -0.7337983397805921 -0.43674681629537637
vn -0.9285797296533285 0.3672547720047615 -0.05351278460968275
vn -0.9285797296533285 0.3672547720047615 -0.05351278460968275
vn -0.9285797296533285 0.3672547720047615 -0.05351278460968275
vn 0.16544052821461502 0.9861736826034564 0.009534115816706136
vn 0.16544052821461502 0.9861736826034564 0.009534115816706136
vn 0.16544052821461502 0.9861736826034564 0.009534115816706136
vn -0.8472268511598753 0.3232808916257546 -0.4215401852532919
vn -0.8472268511598753 0.3232808916257546 -0.4215401852532919
vn -0.8472268511598753 0.3232808916257546 -0.4215401852532919
vn -0.00004045787646505163 -0.003427245047845708 -0.99999412616002
vn -0.00004045787646505163 -0.003427245047845708 -0.99999412616002
vn -0.00004045787646505163 -0.003427245047845708 -0.99999412616002
vn 0.005160845684962633 0.9999866827472325 -4.454908411831615e-8
vn 0.005160845684962633 0.9999866827472325 -4.454908411831615e-8
vn 0.005160845684962633 0.9999866827472325 -4.454908411831615e-8
vn 0.2633518538241944 0.9646998502577674 -3.527694791010203e-8
vn 0.2633518538241944 0.9646998502577674 -3.527694791010203e-8
vn 0.2633518538241944 0.9646998502577674 -3.527694791010203e-8
vn 0.10254775669510352 0.9947280822399657 -4.141165016819261e-8
vn 0.10254775669510352 0.9947280822399657 -4.141165016819261e-8
vn 0.10254775669510352 0.9947280822399657 -4.141165016819261e-8
vn -0.8249924819423815 -0.555227385507025 -0.10540377185652634
vn -0.8249924819423815 -0.555227385507025 -0.10540377185652634
vn -0.8249924819423815 -0.555227385507025 -0.10540377185652634
vn 0.006108671663048098 -0.2718431951080446 -0.9623221713147644
vn 0.006108671663048098 -0.2718431951080446 -0.9623221713147644
vn 0.006108671663048098 -0.2718431951080446 -0.9623221713147644
vn -0.2464199550065976 -0.5812235255050845 -0.7755362139668185
vn -0.2464199550065976 -0.5812235255050845 -0.7755362139668185
vn -0.2464199550065976 -0.5812235255050845 -0.7755362139668185
vn -0.3440052297853789 -0.5931293083634618 -0.7279134738693812
vn -0.3440052297853789 -0.5931293083634618 -0.7279134738693812
vn -0.3440052297853789 -0.5931293083634618 -0.7279134738693812
vn -0.42155921257842566 -0.1385910111978139 -0.8961475112421085
vn -0.42155921257842566 -0.1385910111978139 -0.8961475112421085
vn -0.42155921257842566 -0.1385910111978139 -0.8961475112421085
vn -0.45943774577559326 0.8882099739119339 -5.339839304526771e-8
vn -0.45943774577559326 0.8882099739119339 -5.339839304526771e-8
vn -0.45943774577559326 0.8882099739119339 -5.339839304526771e-8
vn -0.01417705953491668 -0.2571448064739104 -0.966268885707513
vn -0.01417705953491668 -0.2571448064739104 -0.966268885707513
vn -0.01417705953491668 -0.2571448064739104 -0.966268885707513
vn 1.2489328232723124e-7 -5.960464796871274e-8 -0.9999999999999905
vn 1.2489328232723124e-7 -5.960464796871274e-8 -0.9999999999999905
vn 1.2489328232723124e-7 -5.960464796871274e-8 -0.9999999999999905
vn -8.727713757261618e-8 -5.960464480712715e-8 -0.9999999999999943
vn -8.727713757261618e-8 -5.960464480712715e-8 -0.9999999999999943
vn -8.727713757261618e-8 -5.960464480712715e-8 -0.9999999999999943
vn -0.9535828119288925 -0.2988325473762782 -0.03713393895603911
vn -0.9535828119288925 -0.2988325473762782 -0.03713393895603911
vn -0.9535828119288925 -0.2988325473762782 -0.03713393895603911
vn 0.5042529403507001 0.8629770841694289 -0.03161525495870345
vn 0.5042529403507001 0.8629770841694289 -0.03161525495870345
vn 0.5042529403507001 0.8629770841694289 -0.03161525495870345
vn -0.9621068720037728 0.27267263677001835 -4.086243684034108e-8
vn -0.9621068720037728 0.27267263677001835 -4.086243684034108e-8
vn -0.9621068720037728 0.27267263677001835 -4.086243684034108e-8
vn -0.5063824355477617 -0.862002672151753 -0.022983084474332793
vn -0.5063824355477617 -0.862002672151753 -0.022983084474332793
vn -0.5063824355477617 -0.862002672151753 -0.022983084474332793
vn 0.42667601803840594 0.9043962597833608 0.0038705194428761158
vn 0.42667601803840594 0.9043962597833608 0.0038705194428761158
vn 0.42667601803840594 0.9043962597833608 0.0038705194428761158
vn 0.870562991587511 0.49205698621013755 3.948137590792184e-9
vn 0.870562991587511 0.49205698621013755 3.948137590792184e-9
vn 0.870562991587511 0.49205698621013755 3.948137590792184e-9
vn 0.870562991587511 0.49205698621013755 3.948137590792184e-9
vn 0.870562991587511 0.49205698621013755 3.948137590792184e-9
vn 0.870562991587511 0.49205698621013755 3.948137590792184e-9
vn 0.9976046336120855 -0.06917365825005534 3.2823239139719106e-8
vn 0.9976046336120855 -0.06917365825005534 3.2823239139719106e-8
vn 0.9976046336120855 -0.06917365825005534 3.2823239139719106e-8
vn 0.3296997073168899 -0.9440317506523851 -0.010107262505239358
vn 0.3296997073168899 -0.9440317506523851 -0.010107262505239358
vn 0.3296997073168899 -0.9440317506523851 -0.010107262505239358
vn 0.0011936823782360704 -0.9974682778439014 -0.07110281160053795
vn 0.0011936823782360704 -0.9974682778439014 -0.07110281160053795
vn 0.0011936823782360704 -0.9974682778439014 -0.07110281160053795
vn 0.6328277955478228 -0.774248192826005 -0.008289577054858789
vn 0.6328277955478228 -0.774248192826005 -0.008289577054858789
vn 0.6328277955478228 -0.774248192826005 -0.008289577054858789
vn -0.4021628892692952 0.9155681353643594 -5.291447441896999e-8
vn -0.4021628892692952 0.9155681353643594 -5.291447441896999e-8
vn -0.4021628892692952 0.9155681353643594 -5.291447441896999e-8
vn 0.03769253741714654 -0.2846017138367531 -0.957904555320748
vn 0.03769253741714654 -0.2846017138367531 -0.957904555320748
vn 0.03769253741714654 -0.2846017138367531 -0.957904555320748
vn 0.2275015141574868 0.12858766144186898 -0.9652503687546367
vn 0.2275015141574868 0.12858766144186898 -0.9652503687546367
vn 0.2275015141574868 0.12858766144186898 -0.9652503687546367
vn 0.9826324811745789 -0.18556240713218064 3.758001686345037e-8
vn 0.9826324811745789 -0.18556240713218064 3.758001686345037e-8
vn 0.9826324811745789 -0.18556240713218064 3.758001686345037e-8
vn 0.967467714631257 0.21596365004929946 -0.1317798277565891
vn 0.967467714631257 0.21596365004929946 -0.1317798277565891
vn 0.967467714631257 0.21596365004929946 -0.1317798277565891
vn -0.9538541992588542 0.3002701559533491 -4.185019329595027e-8
vn -0.9538541992588542 0.3002701559533491 -4.185019329595027e-8
vn -0.9538541992588542 0.3002701559533491 -4.185019329595027e-8
vn 0.9810923312517015 0.1935402737393467 2.0586905947994104e-8
vn 0.9810923312517015 0.1935402737393467 2.0586905947994104e-8
vn 0.9810923312517015 0.1935402737393467 2.0586905947994104e-8
vn -0.018734648610486557 0.010161531497252806 -0.9997728523114998
vn -0.018734648610486557 0.010161531497252806 -0.9997728523114998
vn -0.018734648610486557 0.010161531497252806 -0.9997728523114998
vn -0.817269077214247 -0.12445323739633157 -0.5626567756020943
vn -0.817269077214247 -0.12445323739633157 -0.5626567756020943
vn -0.817269077214247 -0.12445323739633157 -0.5626567756020943
vn -0.7308220321019784 0.050018136739763894 -0.6807329457220481
vn -0.7308220321019784 0.050018136739763894 -0.6807329457220481
vn -0.7308220321019784 0.050018136739763894 -0.6807329457220481
vn -0.010341572470565438 0.999946524509603 -4.500929697914385e-8
vn -0.010341572470565438 0.999946524509603 -4.500929697914385e-8
vn -0.010341572470565438 0.999946524509603 -4.500929697914385e-8
vn 0.17888554572294282 -0.9838698905502711 4.9313617359583454e-8
vn 0.17888554572294282 -0.9838698905502711 4.9313617359583454e-8
vn 0.17888554572294282 -0.9838698905502711 4.9313617359583454e-8
vn 0.002289239827237046 -0.24322402908827817 -0.9699674381416511
vn 0.002289239827237046 -0.24322402908827817 -0.9699674381416511
vn 0.002289239827237046 -0.24322402908827817 -0.9699674381416511
vn 0.10704130135752087 -0.23890838470444017 -0.9651243150608131
vn 0.10704130135752087 -0.23890838470444017 -0.9651243150608131
vn 0.10704130135752087 -0.23890838470444017 -0.9651243150608131
vn 0.983101707113942 -0.1830493186139671 -0.0019951001517144107
vn 0.983101707113942 -0.1830493186139671 -0.0019951001517144107
vn 0.983101707113942 -0.1830493186139671 -0.0019951001517144107
vn -0.30892007359121154 -0.9510119204519458 -0.012029766859847734
vn -0.30892007359121154 -0.9510119204519458 -0.012029766859847734
vn -0.30892007359121154 -0.9510119204519458 -0.012029766859847734
vn -0.3137370645446091 -0.9430357335958703 -0.11069173181512112
vn -0.3137370645446091 -0.9430357335958703 -0.11069173181512112
vn -0.3137370645446091 -0.9430357335958703 -0.11069173181512112
vn -0.9915740420565591 -0.0766999481050292 -0.1043936639854319
vn -0.9915740420565591 -0.0766999481050292 -0.1043936639854319
vn -0.9915740420565591 -0.0766999481050292 -0.1043936639854319
vn -0.4742564463413425 0.8799542559756472 -0.027592217997585062
vn -0.4742564463413425 0.8799542559756472 -0.027592217997585062
vn -0.4742564463413425 0.8799542559756472 -0.027592217997585062
vn -0.0013619976846798985 0.25542191237376255 -0.966828729218178
vn -0.0013619976846798985 0.25542191237376255 -0.966828729218178
vn -0.0013619976846798985 0.25542191237376255 -0.966828729218178
vn 0.07815218005572801 0.28628483540181887 -0.9549519515512236
vn 0.07815218005572801 0.28628483540181887 -0.9549519515512236
vn 0.07815218005572801 0.28628483540181887 -0.9549519515512236
vn -0.5172452883790191 -0.740692723969727 -0.4287558749545145
vn -0.5172452883790191 -0.740692723969727 -0.4287558749545145
vn -0.5172452883790191 -0.740692723969727 -0.4287558749545145
vn -0.9279816455467207 0.3687088228801405 -0.053887563117490156
vn -0.9279816455467207 0.3687088228801405 -0.053887563117490156
vn -0.9279816455467207 0.3687088228801405 -0.053887563117490156
vn 0.10161624622499088 0.9948236720661305 -4.144368454247628e-8
vn 0.10161624622499088 0.9948236720661305 -4.144368454247628e-8
vn 0.10161624622499088 0.9948236720661305 -4.144368454247628e-8
vn 0.288058211875013 0.9576129001696715 -3.422382968160687e-8
vn 0.288058211875013 0.9576129001696715 -3.422382968160687e-8
vn 0.288058211875013 0.9576129001696715 -3.422382968160687e-8
vn -0.9594714785117071 0.17891258560895248 -0.21772636182437322
vn -0.9594714785117071 0.17891258560895248 -0.21772636182437322
vn -0.9594714785117071 0.17891258560895248 -0.21772636182437322
vn 0.0017411565002648773 -0.0004935249572750742 -0.9999983624022382
vn 0.0017411565002648773 -0.0004935249572750742 -0.9999983624022382
vn 0.0017411565002648773 -0.0004935249572750742 -0.9999983624022382
vn 1.4901160250157956e-8 -5.960464632970275e-8 -0.9999999999999981
vn 1.4901160250157956e-8 -5.960464632970275e-8 -0.9999999999999981
vn 1.4901160250157956e-8 -5.960464632970275e-8 -0.9999999999999981
vn 0.005160844753664886 0.9999866827520387 -4.4549084146285844e-8
vn 0.005160844753664886 0.9999866827520387 -4.4549084146285844e-8
vn 0.005160844753664886 0.9999866827520387 -4.4549084146285844e-8
vn 0.2633517428825652 0.9646998805435367 -3.5276952570299736e-8
vn 0.2633517428825652 0.9646998805435367 -3.5276952570299736e-8
vn 0.2633517428825652 0.9646998805435367 -3.5276952570299736e-8
vn 0.10254776406733347 0.9947280814799533 -4.141164991450783e-8
vn 0.10254776406733347 0.9947280814799533 -4.141164991450783e-8
vn 0.10254776406733347 0.9947280814799533 -4.141164991450783e-8
vn -0.8434066742951326 -0.5063195713854645 -0.17973779064643977
vn -0.8434066742951326 -0.5063195713854645 -0.17973779064643977
vn -0.8434066742951326 -0.5063195713854645 -0.17973779064643977
vn -0.02157697346792182 -0.30719980593711366 -0.9514003959680509
vn -0.02157697346792182 -0.30719980593711366 -0.9514003959680509
vn -0.02157697346792182 -0.30719980593711366 -0.9514003959680509
vn -0.26007652915676743 -0.5123958504779763 -0.8184196303820677
vn -0.26007652915676743 -0.5123958504779763 -0.8184196303820677
vn -0.26007652915676743 -0.5123958504779763 -0.8184196303820677
vn -0.4587272839259504 0.8885769514891064 0.0005293998929794048
vn -0.4587272839259504 0.8885769514891064 0.0005293998929794048
vn -0.4587272839259504 0.8885769514891064 0.0005293998929794048
vn 0.0015144521824042932 -0.28401589519106346 -0.9588183757695752
vn 0.0015144521824042932 -0.28401589519106346 -0.9588183757695752
vn 0.0015144521824042932 -0.28401589519106346 -0.9588183757695752
vn -0.014462669328333072 -0.2558241501393861 -0.9666151433747353
vn -0.014462669328333072 -0.2558241501393861 -0.9666151433747353
vn -0.014462669328333072 -0.2558241501393861 -0.9666151433747353
vn -1.4901160250157956e-8 5.960464632970275e-8 0.9999999999999981
vn -1.4901160250157956e-8 5.960464632970275e-8 0.9999999999999981
vn -1.4901160250157956e-8 5.960464632970275e-8 0.9999999999999981
vn -0.9396097588914759 -0.33958036387529317 0.04264595486357358
vn -0.9396097588914759 -0.33958036387529317 0.04264595486357358
vn -0.9396097588914759 -0.33958036387529317 0.04264595486357358
vn 0.45926178317984684 0.8883009706796828 -2.6023080766546047e-8
vn 0.45926178317984684 0.8883009706796828 -2.6023080766546047e-8
vn 0.45926178317984684 0.8883009706796828 -2.6023080766546047e-8
vn -0.9621068798221203 0.27267260918350916 -4.0862435840132906e-8
vn -0.9621068798221203 0.27267260918350916 -4.0862435840132906e-8
vn -0.9621068798221203 0.27267260918350916 -4.0862435840132906e-8
vn -0.3563843266529428 -0.9335857917856653 0.037520409007113446
vn -0.3563843266529428 -0.9335857917856653 0.037520409007113446
vn -0.3563843266529428 -0.9335857917856653 0.037520409007113446
vn 0.43149615703507876 0.9021147745514192 -2.7468086095852673e-8
vn 0.43149615703507876 0.9021147745514192 -2.7468086095852673e-8
vn 0.43149615703507876 0.9021147745514192 -2.7468086095852673e-8
vn 0.8705630043538304 0.49205696362355544 3.948138980957081e-9
vn 0.8705630043538304 0.49205696362355544 3.948138980957081e-9
vn 0.8705630043538304 0.49205696362355544 3.948138980957081e-9
vn 1.4901160250157956e-8 -5.960464632970275e-8 -0.9999999999999981
vn 1.4901160250157956e-8 -5.960464632970275e-8 -0.9999999999999981
vn 1.4901160250157956e-8 -5.960464632970275e-8 -0.9999999999999981
vn 0.9976046858260981 -0.0691729052289348 3.2823207033149884e-8
vn 0.9976046858260981 -0.0691729052289348 3.2823207033149884e-8
vn 0.9976046858260981 -0.0691729052289348 3.2823207033149884e-8
vn 0.3285727311361739 -0.9444225741890362 0.010293770731364563
vn 0.3285727311361739 -0.9444225741890362 0.010293770731364563
vn 0.3285727311361739 -0.9444225741890362 0.010293770731364563
vn 0.022369035251197017 -0.9954406587614858 0.09272281890899214
vn 0.022369035251197017 -0.9954406587614858 0.09272281890899214
vn 0.022369035251197017 -0.9954406587614858 0.09272281890899214
vn 0.6636827976374206 -0.7452669827278428 0.06404895452623648
vn 0.6636827976374206 -0.7452669827278428 0.06404895452623648
vn 0.6636827976374206 -0.7452669827278428 0.06404895452623648
vn -0.4465018495367848 0.8941828590699458 0.032758402063102834
vn -0.4465018495367848 0.8941828590699458 0.032758402063102834
vn -0.4465018495367848 0.8941828590699458 0.032758402063102834
vn -0.24641954562117047 -0.5812234917987732 0.7755363693064931
vn -0.24641954562117047 -0.5812234917987732 0.7755363693064931
vn -0.24641954562117047 -0.5812234917987732 0.7755363693064931
vn 0.3253772792454494 0.08193478037892872 0.9420277691846909
vn 0.3253772792454494 0.08193478037892872 0.9420277691846909
vn 0.3253772792454494 0.08193478037892872 0.9420277691846909
vn 0.9206887743183402 0.3902975542380357 9.991003564821282e-9
vn 0.9206887743183402 0.3902975542380357 9.991003564821282e-9
vn 0.9206887743183402 0.3902975542380357 9.991003564821282e-9
vn -0.9538542473119298 0.3002700033053419 -4.185018790414571e-8
vn -0.9538542473119298 0.3002700033053419 -4.185018790414571e-8
vn -0.9538542473119298 0.3002700033053419 -4.185018790414571e-8
vn 0.9810922978951238 0.19354044283008426 2.0586897394945415e-8
vn 0.9810922978951238 0.19354044283008426 2.0586897394945415e-8
vn 0.9810922978951238 0.19354044283008426 2.0586897394945415e-8
vn -0.22977869420847521 0.06706612112991975 0.970929393459913
vn -0.22977869420847521 0.06706612112991975 0.970929393459913
vn -0.22977869420847521 0.06706612112991975 0.970929393459913
vn -0.010341572470565438 0.999946524509603 -4.500929697914385e-8
vn -0.010341572470565438 0.999946524509603 -4.500929697914385e-8
vn -0.010341572470565438 0.999946524509603 -4.500929697914385e-8
vn 0.1788853437824082 -0.9838699272667334 4.931361298264021e-8
vn 0.1788853437824082 -0.9838699272667334 4.931361298264021e-8
vn 0.1788853437824082 -0.9838699272667334 4.931361298264021e-8
vn 0.19184703631782044 -0.20705557466118932 0.9593345108239325
vn 0.19184703631782044 -0.20705557466118932 0.9593345108239325
vn 0.19184703631782044 -0.20705557466118932 0.9593345108239325
vn 0.9826112492168293 -0.18567480419416332 3.758440864211995e-8
vn 0.9826112492168293 -0.18567480419416332 3.758440864211995e-8
vn 0.9826112492168293 -0.18567480419416332 3.758440864211995e-8
vn -0.41703781712249943 -0.9050717921809533 0.08321364123782711
vn -0.41703781712249943 -0.9050717921809533 0.08321364123782711
vn -0.41703781712249943 -0.9050717921809533 0.08321364123782711
vn -0.9966980958887401 0.05683603937794147 0.057987673514192276
vn -0.9966980958887401 0.05683603937794147 0.057987673514192276
vn -0.9966980958887401 0.05683603937794147 0.057987673514192276
vn -0.4745424015705731 0.8798012009415056 0.02755641365485684
vn -0.4745424015705731 0.8798012009415056 0.02755641365485684
vn -0.4745424015705731 0.8798012009415056 0.02755641365485684
vn -0.0026188954589852166 0.2532322949552903 0.9674019568815497
vn -0.0026188954589852166 0.2532322949552903 0.9674019568815497
vn -0.0026188954589852166 0.2532322949552903 0.9674019568815497
vn 0.2078991854732885 0.1291653155194359 0.9695845759634936
vn 0.2078991854732885 0.1291653155194359 0.9695845759634936
vn 0.2078991854732885 0.1291653155194359 0.9695845759634936
vn 0.4652589381851127 -0.7637843483701292 0.4474009271600569
vn 0.4652589381851127 -0.7637843483701292 0.4474009271600569
vn 0.4652589381851127 -0.7637843483701292 0.4474009271600569
vn 0.46044112072985 -0.7621004509579093 0.4551888366280426
vn 0.46044112072985 -0.7621004509579093 0.4551888366280426
vn 0.46044112072985 -0.7621004509579093 0.4551888366280426
vn -0.42666150281356024 -0.7583990536278291 0.4927381023153043
vn -0.42666150281356024 -0.7583990536278291 0.4927381023153043
vn -0.42666150281356024 -0.7583990536278291 0.4927381023153043
vn -0.520377014652536 -0.7337982996951533 0.43674685801481833
vn -0.520377014652536 -0.7337982996951533 0.43674685801481833
vn -0.520377014652536 -0.7337982996951533 0.43674685801481833
vn -0.9285797320793999 0.36725477871274503 0.05351269647478486
vn -0.9285797320793999 0.36725477871274503 0.05351269647478486
vn -0.9285797320793999 0.36725477871274503 0.05351269647478486
vn 0.16544052855289038 0.986173681789592 -0.009534194129601855
vn 0.16544052855289038 0.986173681789592 -0.009534194129601855
vn 0.16544052855289038 0.986173681789592 -0.009534194129601855
vn -0.8472268692994247 0.32328094400517926 0.42154010862575814
vn -0.8472268692994247 0.32328094400517926 0.42154010862575814
vn -0.8472268692994247 0.32328094400517926 0.42154010862575814
vn -0.000040487678614686546 -0.0034271258396074184 0.999994126567365
vn -0.000040487678614686546 -0.0034271258396074184 0.999994126567365
vn -0.000040487678614686546 -0.0034271258396074184 0.999994126567365
vn 0.005160845684962633 0.9999866827472325 -4.454908411831615e-8
vn 0.005160845684962633 0.9999866827472325 -4.454908411831615e-8
vn 0.005160845684962633 0.9999866827472325 -4.454908411831615e-8
vn 0.2633518538241944 0.9646998502577674 -3.527694791010203e-8
vn 0.2633518538241944 0.9646998502577674 -3.527694791010203e-8
vn 0.2633518538241944 0.9646998502577674 -3.527694791010203e-8
vn 0.10254775669510352 0.9947280822399657 -4.141165016819261e-8
vn 0.10254775669510352 0.9947280822399657 -4.141165016819261e-8
vn 0.10254775669510352 0.9947280822399657 -4.141165016819261e-8
vn -0.8249924886605401 -0.5552273753491894 0.10540377278133278
vn -0.8249924886605401 -0.5552273753491894 0.10540377278133278
vn -0.8249924886605401 -0.5552273753491894 0.10540377278133278
vn 0.006108643030168628 -0.27184308246204525 0.9623222033175083
vn 0.006108643030168628 -0.27184308246204525 0.9623222033175083
vn 0.006108643030168628 -0.27184308246204525 0.9623222033175083
vn -0.24641998283317995 -0.5812234441722648 0.7755362660798174
vn -0.24641998283317995 -0.5812234441722648 0.7755362660798174
vn -0.24641998283317995 -0.5812234441722648 0.7755362660798174
vn -0.3440052584724277 -0.5931292336475729 0.7279135211932536
vn -0.3440052584724277 -0.5931292336475729 0.7279135211932536
vn -0.3440052584724277 -0.5931292336475729 0.7279135211932536
vn -0.42155924559226404 -0.13859090644203578 0.8961475119126627
vn -0.42155924559226404 -0.13859090644203578 0.8961475119126627
vn -0.42155924559226404 -0.13859090644203578 0.8961475119126627
vn -0.45943774577559326 0.8882099739119339 -5.339839304526771e-8
vn -0.45943774577559326 0.8882099739119339 -5.339839304526771e-8
vn -0.45943774577559326 0.8882099739119339 -5.339839304526771e-8
vn -0.014177088442741455 -0.2571446932948197 0.9662689154027463
vn -0.014177088442741455 -0.2571446932948197 0.9662689154027463
vn -0.014177088442741455 -0.2571446932948197 0.9662689154027463
vn 9.509096182691514e-8 5.960464469069204e-8 0.9999999999999937
vn 9.509096182691514e-8 5.960464469069204e-8 0.9999999999999937
vn 9.509096182691514e-8 5.960464469069204e-8 0.9999999999999937
vn -1.1707945807293224e-7 5.960464785227771e-8 0.9999999999999912
vn -1.1707945807293224e-7 5.960464785227771e-8 0.9999999999999912
vn -1.1707945807293224e-7 5.960464785227771e-8 0.9999999999999912
vn -0.9535828143572541 -0.29883254336375714 0.03713390888725354
vn -0.9535828143572541 -0.29883254336375714 0.03713390888725354
vn -0.9535828143572541 -0.29883254336375714 0.03713390888725354
vn 0.504252938758907 0.8629770868265588 0.031615207817628506
vn 0.504252938758907 0.8629770868265588 0.031615207817628506
vn 0.504252938758907 0.8629770868265588 0.031615207817628506
vn -0.9621068720037728 0.27267263677001835 -4.086243684034108e-8
vn -0.9621068720037728 0.27267263677001835 -4.086243684034108e-8
vn -0.9621068720037728 0.27267263677001835 -4.086243684034108e-8
vn -0.5063824367073315 -0.8620026702198869 0.022983131382174733
vn -0.5063824367073315 -0.8620026702198869 0.022983131382174733
vn -0.5063824367073315 -0.8620026702198869 0.022983131382174733
vn 0.4266760182192693 0.9043962594608174 -0.0038705748709259333
vn 0.4266760182192693 0.9043962594608174 -0.0038705748709259333
vn 0.4266760182192693 0.9043962594608174 -0.0038705748709259333
vn 0.870562991587511 0.49205698621013755 3.948137590792184e-9
vn 0.870562991587511 0.49205698621013755 3.948137590792184e-9
vn 0.870562991587511 0.49205698621013755 3.948137590792184e-9
vn 0.870562991587511 0.49205698621013755 3.948137590792184e-9
vn 0.870562991587511 0.49205698621013755 3.948137590792184e-9
vn 0.870562991587511 0.49205698621013755 3.948137590792184e-9
vn 1.4901160250157956e-8 -5.960464632970275e-8 -0.9999999999999981
vn 1.4901160250157956e-8 -5.960464632970275e-8 -0.9999999999999981
vn 1.4901160250157956e-8 -5.960464632970275e-8 -0.9999999999999981
vn 0.9976046336120855 -0.06917365825005534 3.2823239139719106e-8
vn 0.9976046336120855 -0.06917365825005534 3.2823239139719106e-8
vn 0.9976046336120855 -0.06917365825005534 3.2823239139719106e-8
vn 0.3296997070766795 -0.9440317496221925 0.010107366561761765
vn 0.3296997070766795 -0.9440317496221925 0.010107366561761765
vn 0.3296997070766795 -0.9440317496221925 0.010107366561761765
vn 0.0011936802617259817 -0.9974682714735712 0.07110290100241008
vn 0.0011936802617259817 -0.9974682714735712 0.07110290100241008
vn 0.0011936802617259817 -0.9974682714735712 0.07110290100241008
vn 0.6328277953228824 -0.7742481918648547 0.008289683997809548
vn 0.6328277953228824 -0.7742481918648547 0.008289683997809548
vn 0.6328277953228824 -0.7742481918648547 0.008289683997809548
vn -0.4021628892692952 0.9155681353643594 -5.291447441896999e-8
vn -0.4021628892692952 0.9155681353643594 -5.291447441896999e-8
vn -0.4021628892692952 0.9155681353643594 -5.291447441896999e-8
vn 0.03769250913505105 -0.2846016016517005 0.9579045897647587
vn 0.03769250913505105 -0.2846016016517005 0.9579045897647587
vn 0.03769250913505105 -0.2846016016517005 0.9579045897647587
vn 0.22750148306037152 0.12858777519149225 0.9652503609305898
vn 0.22750148306037152 0.12858777519149225 0.9652503609305898
vn 0.22750148306037152 0.12858777519149225 0.9652503609305898
vn 0.9826324811745789 -0.18556240713218064 3.758001686345037e-8
vn 0.9826324811745789 -0.18556240713218064 3.758001686345037e-8
vn 0.9826324811745789 -0.18556240713218064 3.758001686345037e-8
vn 0.9674677062073692 0.21596366475493792 0.1317798655010245
vn 0.9674677062073692 0.21596366475493792 0.1317798655010245
vn 0.9674677062073692 0.21596366475493792 0.1317798655010245
vn -0.9538541992588542 0.3002701559533491 -4.185019329595027e-8
vn -0.9538541992588542 0.3002701559533491 -4.185019329595027e-8
vn -0.9538541992588542 0.3002701559533491 -4.185019329595027e-8
vn 0.9810923312517015 0.1935402737393467 2.0586905947994104e-8
vn 0.9810923312517015 0.1935402737393467 2.0586905947994104e-8
vn 0.9810923312517015 0.1935402737393467 2.0586905947994104e-8
vn -0.018734678410823075 0.010161650682062913 0.9997728505416912
vn -0.018734678410823075 0.010161650682062913 0.9997728505416912
vn -0.018734678410823075 0.010161650682062913 0.9997728505416912
vn -0.8172691068884258 -0.12445317228768889 0.5626567469010975
vn -0.8172691068884258 -0.12445317228768889 0.5626567469010975
vn -0.8172691068884258 -0.12445317228768889 0.5626567469010975
vn -0.7308220624833359 0.050018218580293455 0.6807329070918029
vn -0.7308220624833359 0.050018218580293455 0.6807329070918029
vn -0.7308220624833359 0.050018218580293455 0.6807329070918029
vn -0.010341572470565438 0.999946524509603 -4.500929697914385e-8
vn -0.010341572470565438 0.999946524509603 -4.500929697914385e-8
vn -0.010341572470565438 0.999946524509603 -4.500929697914385e-8
vn 0.17888554572294282 -0.9838698905502711 4.9313617359583454e-8
vn 0.17888554572294282 -0.9838698905502711 4.9313617359583454e-8
vn 0.17888554572294282 -0.9838698905502711 4.9313617359583454e-8
vn 0.002289210935900078 -0.243223915153143 0.9699674667796171
vn 0.002289210935900078 -0.243223915153143 0.9699674667796171
vn 0.002289210935900078 -0.243223915153143 0.9699674667796171
vn 0.10704127300057148 -0.23890827055880304 0.9651243464616457
vn 0.10704127300057148 -0.23890827055880304 0.9651243464616457
vn 0.10704127300057148 -0.23890827055880304 0.9651243464616457
vn 0.9831017070077154 -0.18304931836742036 0.0019951751149336317
vn 0.9831017070077154 -0.18304931836742036 0.0019951751149336317
vn 0.9831017070077154 -0.18304931836742036 0.0019951751149336317
vn -0.30892007408926847 -0.9510119194474594 0.01202983347930349
vn -0.30892007408926847 -0.9510119194474594 0.01202983347930349
vn -0.30892007408926847 -0.9510119194474594 0.01202983347930349
vn -0.3137370691442132 -0.9430357243101455 0.1106917978878213
vn -0.3137370691442132 -0.9430357243101455 0.1106917978878213
vn -0.3137370691442132 -0.9430357243101455 0.1106917978878213
vn -0.9915740484633127 -0.07669993591525623 0.10439361208748235
vn -0.9915740484633127 -0.07669993591525623 0.10439361208748235
vn -0.9915740484633127 -0.07669993591525623 0.10439361208748235
vn -0.4742564470054366 0.8799542589713285 0.02759211104644913
vn -0.4742564470054366 0.8799542589713285 0.02759211104644913
vn -0.4742564470054366 0.8799542589713285 0.02759211104644913
vn -0.0013620264884486107 0.255422025758934 0.9668286992229014
vn -0.0013620264884486107 0.255422025758934 0.9668286992229014
vn -0.0013620264884486107 0.255422025758934 0.9668286992229014
vn 0.07815215078536561 0.2862849462716737 0.9549519207090198
vn 0.07815215078536561 0.2862849462716737 0.9549519207090198
vn 0.07815215078536561 0.2862849462716737 0.9549519207090198
vn -0.5172453094710547 -0.7406926847638114 0.4287559172391326
vn -0.5172453094710547 -0.7406926847638114 0.4287559172391326
vn -0.5172453094710547 -0.7406926847638114 0.4287559172391326
vn -0.927981647986186 0.36870882963519946 0.05388747488873436
vn -0.927981647986186 0.36870882963519946 0.05388747488873436
vn -0.927981647986186 0.36870882963519946 0.05388747488873436
vn 0.10161624622499088 0.9948236720661305 -4.144368454247628e-8
vn 0.10161624622499088 0.9948236720661305 -4.144368454247628e-8
vn 0.10161624622499088 0.9948236720661305 -4.144368454247628e-8
vn 0.288058211875013 0.9576129001696715 -3.422382968160687e-8
vn 0.288058211875013 0.9576129001696715 -3.422382968160687e-8
vn 0.288058211875013 0.9576129001696715 -3.422382968160687e-8
vn -0.9594714898600382 0.17891261247011964 0.2177262897421334
vn -0.9594714898600382 0.17891261247011964 0.2177262897421334
vn -0.9594714898600382 0.17891261247011964 0.2177262897421334
vn 0.0017411266979284372 -0.0004934057481592762 0.999998362512954
vn 0.0017411266979284372 -0.0004934057481592762 0.999998362512954
vn 0.0017411266979284372 -0.0004934057481592762 0.999998362512954
vn -1.4901160250157956e-8 5.960464632970275e-8 0.9999999999999981
vn -1.4901160250157956e-8 5.960464632970275e-8 0.9999999999999981
vn -1.4901160250157956e-8 5.960464632970275e-8 0.9999999999999981
vn 0.005160844753664886 0.9999866827520387 -4.4549084146285844e-8
vn 0.005160844753664886 0.9999866827520387 -4.4549084146285844e-8
vn 0.005160844753664886 0.9999866827520387 -4.4549084146285844e-8
vn 0.2633517428825652 0.9646998805435367 -3.5276952570299736e-8
vn 0.2633517428825652 0.9646998805435367 -3.5276952570299736e-8
vn 0.2633517428825652 0.9646998805435367 -3.5276952570299736e-8
vn 0.10254776406733347 0.9947280814799533 -4.141164991450783e-8
vn 0.10254776406733347 0.9947280814799533 -4.141164991450783e-8
vn 0.10254776406733347 0.9947280814799533 -4.141164991450783e-8
vn -0.8434066857495232 -0.5063195536197144 0.17973778694347572
vn -0.8434066857495232 -0.5063195536197144 0.17973778694347572
vn -0.8434066857495232 -0.5063195536197144 0.17973778694347572
vn -0.021577002023005075 -0.30719969538509545 0.9514004310168268
vn -0.021577002023005075 -0.30719969538509545 0.9514004310168268
vn -0.021577002023005075 -0.30719969538509545 0.9514004310168268
vn -0.26007655844773286 -0.512395762568913 0.8184196761120819
vn -0.26007655844773286 -0.512395762568913 0.8184196761120819
vn -0.26007655844773286 -0.512395762568913 0.8184196761120819
vn -0.45872728391328293 0.8885769514320175 -0.0005295066802326095
vn -0.45872728391328293 0.8885769514320175 -0.0005295066802326095
vn -0.45872728391328293 0.8885769514320175 -0.0005295066802326095
vn 0.0015144236196165343 -0.28401578318371384 0.9588184089928822
vn 0.0015144236196165343 -0.28401578318371384 0.9588184089928822
vn 0.0015144236196165343 -0.28401578318371384 0.9588184089928822
vn -0.014462698248317933 -0.25582403690178795 0.9666151729114594
vn -0.014462698248317933 -0.25582403690178795 0.9666151729114594
vn -0.014462698248317933 -0.25582403690178795 0.9666151729114594
f 1/1/1 2/2/2 3/3/3
f 4/4/4 5/5/5 6/6/6
f 7/7/7 8/8/8 9/9/9
f 10/10/10 11/11/11 12/12/12
f 13/13/13 14/14/14 15/15/15
f 16/16/16 17/17/17 18/18/18
f 19/19/19 20/20/20 21/21/21
f 22/22/22 23/23/23 24/24/24
f 25/25/25 26/26/26 27/27/27
f 28/28/28 29/29/29 30/30/30
f 31/31/31 32/32/32 33/33/33
f 34/34/34 35/35/35 36/36/36
f 37/37/37 38/38/38 39/39/39
f 40/40/40 41/41/41 42/42/42
f 43/43/43 44/44/44 45/45/45
f 46/46/46 47/47/47 48/48/48
f 49/49/49 50/50/50 51/51/51
f 52/52/52 53/53/53 54/54/54
f 55/55/55 56/56/56 57/57/57
f 58/58/58 59/59/59 60/60/60
f 61/61/61 62/62/62 63/63/63
f 64/64/64 65/65/65 66/66/66
f 67/67/67 68/68/68 69/69/69
f 70/70/70 71/71/71 72/72/72
f 73/73/73 74/74/74 75/75/75
f 76/76/76 77/77/77 78/78/78
f 79/79/79 80/80/80 81/81/81
f 82/82/82 83/83/83 84/84/84
f 85/85/85 86/86/86 87/87/87
f 88/88/88 89/89/89 90/90/90
f 91/91/91 92/92/92 93/93/93
f 94/94/94 95/95/95 96/96/96
f 97/97/97 98/98/98 99/99/99
f 100/100/100 101/101/101 102/102/102
f 103/103/103 104/104/104 105/105/105
f 106/106/106 107/107/107 108/108/108
f 109/109/109 110/110/110 111/111/111
f 112/112/112 113/113/113 114/114/114
f 115/115/115 116/116/116 117/117/117
f 118/118/118 119/119/119 120/120/120
f 121/121/121 122/122/122 123/123/123
f 124/124/124 125/125/125 126/126/126
f 127/127/127 128/128/128 129/129/129
f 130/130/130 131/131/131 132/132/132
f 133/133/133 134/134/134 135/135/135
f 136/136/136 137/137/137 138/138/138
f 139/139/139 140/140/140 141/141/141
f 142/142/142 143/143/143 144/144/144
f 145/145/145 146/146/146 147/147/147
f 148/148/148 149/149/149 150/150/150
f 151/151/151 152/152/152 153/153/153
f 154/154/154 155/155/155 156/156/156
f 157/157/157 158/158/158 159/159/159
f 160/160/160 161/161/161 162/162/162
f 163/163/163 164/164/164 165/165/165
f 166/166/166 167/167/167 168/168/168
f 169/169/169 170/170/170 171/171/171
f 172/172/172 173/173/173 174/174/174
f 175/175/175 176/176/176 177/177/177
f 178/178/178 179/179/179 180/180/180
f 181/181/181 182/182/182 183/183/183
f 184/184/184 185/185/185 186/186/186
f 187/187/187 188/188/188 189/189/189
f 190/190/190 191/191/191 192/192/192
f 193/193/193 194/194/194 195/195/195
f 196/196/196 197/197/197 198/198/198
f 199/199/199 200/200/200 201/201/201
f 202/202/202 203/203/203 204/204/204
f 205/205/205 206/206/206 207/207/207
f 208/208/208 209/209/209 210/210/210
f 211/211/211 212/212/212 213/213/213
f 214/214/214 215/215/215 216/216/216
f 217/217/217 218/218/218 219/219/219
f 220/220/220 221/221/221 222/222/222
f 223/223/223 224/224/224 225/225/225
f 226/226/226 227/227/227 228/228/228
f 229/229/229 230/230/230 231/231/231
f 232/232/232 233/233/233 234/234/234
f 235/235/235 236/236/236 237/237/237
f 238/238/238 239/239/239 240/240/240
f 241/241/241 242/242/242 243/243/243
f 244/244/244 245/245/245 246/246/246
f 247/247/247 248/248/248 249/249/249
f 250/250/250 251/251/251 252/252/252
f 253/253/253 254/254/254 255/255/255
f 256/256/256 257/257/257 258/258/258
f 259/259/259 260/260/260 261/261/261
f 262/262/262 263/263/263 264/264/264
f 265/265/265 266/266/266 267/267/267
f 268/268/268 269/269/269 270/270/270
f 271/271/271 272/272/272 273/273/273
f 274/274/274 275/275/275 276/276/276
f 277/277/277 278/278/278 279/279/279
f 280/280/280 281/281/281 282/282/282
f 283/283/283 284/284/284 285/285/285
f 286/286/286 287/287/287 288/288/288
f 289/289/289 290/290/290 291/291/291
f 292/292/292 293/293/293 294/294/294
f 295/295/295 296/296/296 297/297/297
f 298/298/298 299/299/299 300/300/300
f 301/301/301 302/302/302 303/303/303
f 304/304/304 305/305/305 306/306/306
f 307/307/307 308/308/308 309/309/309
f 310/310/310 311/311/311 312/312/312
f 313/313/313 314/314/314 315/315/315
f 316/316/316 317/317/317 318/318/318
f 319/319/319 320/320/320 321/321/321
f 322/322/322 323/323/323 324/324/324
f 325/325/325 326/326/326 327/327/327
f 328/328/328 329/329/329 330/330/330
f 331/331/331 332/332/332 333/333/333
f 334/334/334 335/335/335 336/336/336
f 337/337/337 338/338/338 339/339/339
f 340/340/340 341/341/341 342/342/342
f 343/343/343 344/344/344 345/345/345
f 346/346/346 347/347/347 348/348/348
f 349/349/349 350/350/350 351/351/351
f 352/352/352 353/353/353 354/354/354
f 355/355/355 356/356/356 357/357/357
f 358/358/358 359/359/359 360/360/360
f 361/361/361 362/362/362 363/363/363
f 364/364/364 365/365/365 366/366/366
f 367/367/367 368/368/368 369/369/369
f 370/370/370 371/371/371 372/372/372
f 373/373/373 374/374/374 375/375/375
f 376/376/376 377/377/377 378/378/378
f 379/379/379 380/380/380 381/381/381
f 382/382/382 383/383/383 384/384/384
f 385/385/385 386/386/386 387/387/387
f 388/388/388 389/389/389 390/390/390
f 391/391/391 392/392/392 393/393/393
f 394/394/394 395/395/395 396/396/396
f 397/397/397 398/398/398 399/399/399
f 400/400/400 401/401/401 402/402/402
f 403/403/403 404/404/404 405/405/405
f 406/406/406 407/407/407 408/408/408
f 409/409/409 410/410/410 411/411/411
f 412/412/412 413/413/413 414/414/414
f 415/415/415 416/416/416 417/417/417
f 418/418/418 419/419/419 420/420/420
f 421/421/421 422/422/422 423/423/423
f 424/424/424 425/425/425 426/426/426
f 427/427/427 428/428/428 429/429/429
f 430/430/430 431/431/431 432/432/432
f 433/433/433 434/434/434 435/435/435
f 436/436/436 437/437/437 438/438/438
f 439/439/439 440/440/440 441/441/441
f 442/442/442 443/443/443 444/444/444
f 445/445/445 446/446/446 447/447/447
f 448/448/448 449/449/449 450/450/450
f 451/451/451 452/452/452 453/453/453
f 454/454/454 455/455/455 456/456/456
f 457/457/457 458/458/458 459/459/459
f 460/460/460 461/461/461 462/462/462
f 463/463/463 464/464/464 465/465/465
f 466/466/466 467/467/467 468/468/468
f 469/469/469 470/470/470 471/471/471
f 472/472/472 473/473/473 474/474/474
f 475/475/475 476/476/476 477/477/477
f 478/478/478 479/479/479 480/480/480
f 481/481/481 482/482/482 483/483/483
f 484/484/484 485/485/485 486/486/486
f 487/487/487 488/488/488 489/489/489
f 490/490/490 491/491/491 492/492/492
f 493/493/493 494/494/494 495/495/495
f 496/496/496 497/497/497 498/498/498
f 499/499/499 500/500/500 501/501/501
f 502/502/502 503/503/503 504/504/504
f 505/505/505 506/506/506 507/507/507
f 508/508/508 509/509/509 510/510/510
f 511/511/511 512/512/512 513/513/513
f 514/514/514 515/515/515 516/516/516
f 517/517/517 518/518/518 519/519/519
f 520/520/520 521/521/521 522/522/522
f 523/523/523 524/524/524 525/525/525
f 526/526/526 527/527/527 528/528/528
f 529/529/529 530/530/530 531/531/531
f 532/532/532 533/533/533 534/534/534
f 535/535/535 536/536/536 537/537/537
f 538/538/538 539/539/539 540/540/540
f 541/541/541 542/542/542 543/543/543
f 544/544/544 545/545/545 546/546/546
f 547/547/547 548/548/548 549/549/549
f 550/550/550 551/551/551 552/552/552
f 553/553/553 554/554/554 555/555/555
f 556/556/556 557/557/557 558/558/558
f 559/559/559 560/560/560 561/561/561
f 562/562/562 563/563/563 564/564/564
f 565/565/565 566/566/566 567/567/567
f 568/568/568 569/569/569 570/570/570
f 571/571/571 572/572/572 573/573/573
f 574/574/574 575/575/575 576/576/576
o Cylinder
usemtl m_car
v 1649.4655645686391 859.1811945647697 975.9771939586184
v 1649.4656393133591 859.1813240264543 1420.58190075201
v 1931.321550049463 370.9927850163484 1420.5819556313595
v 1649.4655645686391 859.1811945647697 975.9771939586184
v 1931.321550049463 370.9927850163484 1420.5819556313595
v 1931.3214595743118 370.99262830875364 975.977248837974
v 1931.3214595743118 370.99262830875364 975.977248837974
v 1931.321550049463 370.9927850163484 1420.5819556313595
v 1649.4657386307088 -117.19582193246208 1420.5820653900728
v 1931.3214595743118 370.99262830875364 975.977248837974
v 1649.4657386307088 -117.19582193246208 1420.5820653900728
v 1649.4656402903424 -117.19599226301193 975.9773585966905
v 1649.4656402903424 -117.19599226301193 975.9773585966905
v 1649.4657386307088 -117.19582193246208 1420.5820653900728
v 1085.754002852896 -117.19588200595138 1420.5821202694367
v 1649.4656402903424 -117.19599226301193 975.9773585966905
v 1085.754002852896 -117.19588200595138 1420.5821202694367
v 1085.7538966473141 -117.19606595945629 975.9774134760573
v 1085.7538966473141 -117.19606595945629 975.9774134760573
v 1085.754002852896 -117.19588200595138 1420.5821202694367
v 803.8982648313696 370.9927752546269 1420.5820653900505
v 1085.7538966473141 -117.19606595945629 975.9774134760573
v 803.8982648313696 370.9927752546269 1420.5820653900505
v 803.898166491003 370.992604924077 975.977358596668
v 1931.321550049463 370.9927850163484 1420.5819556313595
v 1649.4656393133591 859.1813240264543 1420.58190075201
v 1085.7540175433517 859.1813434420478 1420.5819556313493
v 1931.321550049463 370.9927850163484 1420.5819556313595
v 1085.7540175433517 859.1813434420478 1420.5819556313493
v 803.8982648313696 370.9927752546269 1420.5820653900505
v 1931.321550049463 370.9927850163484 1420.5819556313595
v 803.8982648313696 370.9927752546269 1420.5820653900505
v 1085.754002852896 -117.19588200595138 1420.5821202694367
v 1931.321550049463 370.9927850163484 1420.5819556313595
v 1085.754002852896 -117.19588200595138 1420.5821202694367
v 1649.4657386307088 -117.19582193246208 1420.5820653900728
v 803.898166491003 370.992604924077 975.977358596668
v 803.8982648313696 370.9927752546269 1420.5820653900505
v 1085.7540175433517 859.1813434420478 1420.5819556313493
v 803.898166491003 370.992604924077 975.977358596668
v 1085.7540175433517 859.1813434420478 1420.5819556313493
v 1085.7538956073388 859.1811322426327 975.977248837976
v 1085.7538956073388 859.1811322426327 975.977248837976
v 1085.7540175433517 859.1813434420478 1420.5819556313493
v 1649.4656393133591 859.1813240264543 1420.58190075201
v 1085.7538956073388 859.1811322426327 975.977248837976
v 1649.4656393133591 859.1813240264543 1420.58190075201
v 1649.4655645686391 859.1811945647697 975.9771939586184
v 1649.4655645686391 859.1811945647697 975.9771939586184
v 1931.3214595743118 370.99262830875364 975.977248837974
v 1649.4656402903424 -117.19599226301193 975.9773585966905
v 1649.4655645686391 859.1811945647697 975.9771939586184
v 1649.4656402903424 -117.19599226301193 975.9773585966905
v 1085.7538966473141 -117.19606595945629 975.9774134760573
v 1649.4655645686391 859.1811945647697 975.9771939586184
v 1085.7538966473141 -117.19606595945629 975.9774134760573
v 803.898166491003 370.992604924077 975.977358596668
v 1649.4655645686391 859.1811945647697 975.9771939586184
v 803.898166491003 370.992604924077 975.977358596668
v 1085.7538956073388 859.1811322426327 975.977248837976
v 1649.465436323504 859.1809724376008 -987.6574773047585
v 1931.321331329177 370.9924061815848 -987.6574224254027
v 1931.3213352366233 370.9924129494725 -1432.262003375361
v 1649.465436323504 859.1809724376008 -987.6574773047585
v 1931.3213352366233 370.9924129494725 -1432.262003375361
v 1649.4654245005197 859.1809519595784 -1432.2620582547106
v 1931.321331329177 370.9924061815848 -987.6574224254027
v 1649.465504179992 -117.19622801313596 -987.6573126666833
v 1649.4655159526537 -117.19620762229312 -1432.2618936166446
v 1931.321331329177 370.9924061815848 -987.6574224254027
v 1649.4655159526537 -117.19620762229312 -1432.2618936166446
v 1931.3213352366233 370.9924129494725 -1432.262003375361
v 1649.465504179992 -117.19622801313596 -987.6573126666833
v 1085.753768402179 -117.19628808662526 -987.6572577873194
v 1085.7537880400564 -117.19625407282729 -1432.261838737284
v 1649.465504179992 -117.19622801313596 -987.6573126666833
v 1085.7537880400564 -117.19625407282729 -1432.261838737284
v 1649.4655159526537 -117.19620762229312 -1432.2618936166446
v 1085.753768402179 -117.19628808662526 -987.6572577873194
v 803.8980303806527 370.992369173953 -987.6573126667058
v 803.8980421533145 370.9923895647959 -1432.2618936166673
v 1085.753768402179 -117.19628808662526 -987.6572577873194
v 803.8980421533145 370.9923895647959 -1432.2618936166673
v 1085.7537880400564 -117.19625407282729 -1432.261838737284
v 1931.3213352366233 370.9924129494725 -1432.262003375361
v 1649.4655159526537 -117.19620762229312 -1432.2618936166446
v 1085.7537880400564 -117.19625407282729 -1432.261838737284
v 1931.3213352366233 370.9924129494725 -1432.262003375361
v 1085.7537880400564 -117.19625407282729 -1432.261838737284
v 803.8980421533145 370.9923895647959 -1432.2618936166673
v 1931.3213352366233 370.9924129494725 -1432.262003375361
v 803.8980421533145 370.9923895647959 -1432.2618936166673
v 1085.753802730512 859.1809713751719 -1432.262003375371
v 1931.3213352366233 370.9924129494725 -1432.262003375361
v 1085.753802730512 859.1809713751719 -1432.262003375371
v 1649.4654245005197 859.1809519595784 -1432.2620582547106
v 803.8980303806527 370.992369173953 -987.6573126667058
v 1085.7537673622037 859.1809101154638 -987.6574224254007
v 1085.753802730512 859.1809713751719 -1432.262003375371
v 803.8980303806527 370.992369173953 -987.6573126667058
v 1085.753802730512 859.1809713751719 -1432.262003375371
v 803.8980421533145 370.9923895647959 -1432.2618936166673
v 1085.7537673622037 859.1809101154638 -987.6574224254007
v 1649.465436323504 859.1809724376008 -987.6574773047585
v 1649.4654245005197 859.1809519595784 -1432.2620582547106
v 1085.7537673622037 859.1809101154638 -987.6574224254007
v 1649.4654245005197 859.1809519595784 -1432.2620582547106
v 1085.753802730512 859.1809713751719 -1432.262003375371
v 1649.465436323504 859.1809724376008 -987.6574773047585
v 1085.7537673622037 859.1809101154638 -987.6574224254007
v 803.8980303806527 370.992369173953 -987.6573126667058
v 1649.465436323504 859.1809724376008 -987.6574773047585
v 803.8980303806527 370.992369173953 -987.6573126667058
v 1085.753768402179 -117.19628808662526 -987.6572577873194
v 1649.465436323504 859.1809724376008 -987.6574773047585
v 1085.753768402179 -117.19628808662526 -987.6572577873194
v 1649.465504179992 -117.19622801313596 -987.6573126666833
v 1649.465436323504 859.1809724376008 -987.6574773047585
v 1649.465504179992 -117.19622801313596 -987.6573126666833
v 1931.321331329177 370.9924061815848 -987.6574224254027
vt 0.0625 0.2890625
vt 0.0625 0.34375
vt 0.1015625 0.34375
vt 0.0625 0.2890625
vt 0.1015625 0.34375
vt 0.1015625 0.2890625
vt 0.1015625 0.2890625
vt 0.1015625 0.34375
vt 0.15625 0.34375
vt 0.1015625 0.2890625
vt 0.15625 0.34375
vt 0.15625 0.2890625
vt 0.15625 0.2890625
vt 0.15625 0.34375
vt 0.1953125 0.34375
vt 0.15625 0.2890625
vt 0.1953125 0.34375
vt 0.1953125 0.2890625
vt 0.0625 0.2890625
vt 0.0625 0.34375
vt 0.09375 0.34375
vt 0.0625 0.2890625
vt 0.09375 0.34375
vt 0.09375 0.2890625
vt 0.1328125 0.1484375
vt 0.0703125 0.1796875
vt 0.0703125 0.25
vt 0.1328125 0.1484375
vt 0.0703125 0.25
vt 0.125 0.28125
vt 0.1328125 0.1484375
vt 0.125 0.28125
vt 0.1875 0.25
vt 0.1328125 0.1484375
vt 0.1875 0.25
vt 0.1875 0.1796875
vt 0.09375 0.2890625
vt 0.09375 0.34375
vt 0.1640625 0.34375
vt 0.09375 0.2890625
vt 0.1640625 0.34375
vt 0.1640625 0.2890625
vt 0.1640625 0.2890625
vt 0.1640625 0.34375
vt 0.1953125 0.34375
vt 0.1640625 0.2890625
vt 0.1953125 0.34375
vt 0.1953125 0.2890625
vt 0.1640625 0.03125
vt 0.109375 0.0078125
vt 0.0546875 0.03125
vt 0.1640625 0.03125
vt 0.0546875 0.03125
vt 0.0546875 0.09375
vt 0.1640625 0.03125
vt 0.0546875 0.09375
vt 0.109375 0.125
vt 0.1640625 0.03125
vt 0.109375 0.125
vt 0.1640625 0.09375
vt 0.0625 0.2890625
vt 0.1015625 0.2890625
vt 0.1015625 0.34375
vt 0.0625 0.2890625
vt 0.1015625 0.34375
vt 0.0625 0.34375
vt 0.1015625 0.2890625
vt 0.15625 0.2890625
vt 0.15625 0.34375
vt 0.1015625 0.2890625
vt 0.15625 0.34375
vt 0.1015625 0.34375
vt 0.15625 0.2890625
vt 0.1953125 0.2890625
vt 0.1953125 0.34375
vt 0.15625 0.2890625
vt 0.1953125 0.34375
vt 0.15625 0.34375
vt 0.0625 0.2890625
vt 0.09375 0.2890625
vt 0.09375 0.34375
vt 0.0625 0.2890625
vt 0.09375 0.34375
vt 0.0625 0.34375
vt 0.1328125 0.1484375
vt 0.1875 0.1796875
vt 0.1875 0.25
vt 0.1328125 0.1484375
vt 0.1875 0.25
vt 0.125 0.28125
vt 0.1328125 0.1484375
vt 0.125 0.28125
vt 0.0703125 0.25
vt 0.1328125 0.1484375
vt 0.0703125 0.25
vt 0.0703125 0.1796875
vt 0.09375 0.2890625
vt 0.1640625 0.2890625
vt 0.1640625 0.34375
vt 0.09375 0.2890625
vt 0.1640625 0.34375
vt 0.09375 0.34375
vt 0.1640625 0.2890625
vt 0.1953125 0.2890625
vt 0.1953125 0.34375
vt 0.1640625 0.2890625
vt 0.1953125 0.34375
vt 0.1640625 0.34375
vt 0.1640625 0.03125
vt 0.1640625 0.09375
vt 0.109375 0.125
vt 0.1640625 0.03125
vt 0.109375 0.125
vt 0.0546875 0.09375
vt 0.1640625 0.03125
vt 0.0546875 0.09375
vt 0.0546875 0.03125
vt 0.1640625 0.03125
vt 0.0546875 0.03125
vt 0.109375 0.0078125
vn 0.8660253038593435 0.5000001730752113 -3.0113490777983323e-7
vn 0.8660253038593435 0.5000001730752113 -3.0113490777983323e-7
vn 0.8660253038593435 0.5000001730752113 -3.0113490777983323e-7
vn 0.8660253038593435 0.5000001730752113 -3.0113490777983323e-7
vn 0.8660253038593435 0.5000001730752113 -3.0113490777983323e-7
vn 0.8660253038593435 0.5000001730752113 -3.0113490777983323e-7
vn 0.8660254079467147 -0.49999999279072616 3.616876838432668e-14
vn 0.8660254079467147 -0.49999999279072616 3.616876838432668e-14
vn 0.8660254079467147 -0.49999999279072616 3.616876838432668e-14
vn 0.8660254079467147 -0.49999999279072616 3.616876838432668e-14
vn 0.8660254079467147 -0.49999999279072616 3.616876838432668e-14
vn 0.8660254079467147 -0.49999999279072616 3.616876838432668e-14
vn 1.3397229425536927e-7 -0.9999999999998969 4.336483556236306e-7
vn 1.3397229425536927e-7 -0.9999999999998969 4.336483556236306e-7
vn 1.3397229425536927e-7 -0.9999999999998969 4.336483556236306e-7
vn 1.3397229425536927e-7 -0.9999999999998969 4.336483556236306e-7
vn 1.3397229425536927e-7 -0.9999999999998969 4.336483556236306e-7
vn 1.3397229425536927e-7 -0.9999999999998969 4.336483556236306e-7
vn -0.866025503420202 -0.49999982742556764 4.3364835639917173e-7
vn -0.866025503420202 -0.49999982742556764 4.3364835639917173e-7
vn -0.866025503420202 -0.49999982742556764 4.3364835639917173e-7
vn -0.866025503420202 -0.49999982742556764 4.3364835639917173e-7
vn -0.866025503420202 -0.49999982742556764 4.3364835639917173e-7
vn -0.866025503420202 -0.49999982742556764 4.3364835639917173e-7
vn 8.864402213052883e-8 1.7364985383466803e-7 0.999999999999981
vn 8.864402213052883e-8 1.7364985383466803e-7 0.999999999999981
vn 8.864402213052883e-8 1.7364985383466803e-7 0.999999999999981
vn 8.864402213052883e-8 1.7364985383466803e-7 0.999999999999981
vn 8.864402213052883e-8 1.7364985383466803e-7 0.999999999999981
vn 8.864402213052883e-8 1.7364985383466803e-7 0.999999999999981
vn 8.864402213052883e-8 1.7364985383466803e-7 0.999999999999981
vn 8.864402213052883e-8 1.7364985383466803e-7 0.999999999999981
vn 8.864402213052883e-8 1.7364985383466803e-7 0.999999999999981
vn 8.864402213052883e-8 1.7364985383466803e-7 0.999999999999981
vn 8.864402213052883e-8 1.7364985383466803e-7 0.999999999999981
vn 8.864402213052883e-8 1.7364985383466803e-7 0.999999999999981
vn -0.8660254410750925 0.49999993541068743 -1.0433166050904679e-14
vn -0.8660254410750925 0.49999993541068743 -1.0433166050904679e-14
vn -0.8660254410750925 0.49999993541068743 -1.0433166050904679e-14
vn -0.8660254410750925 0.49999993541068743 -1.0433166050904679e-14
vn -0.8660254410750925 0.49999993541068743 -1.0433166050904679e-14
vn -0.8660254410750925 0.49999993541068743 -1.0433166050904679e-14
vn -2.6741269111222868e-8 0.9999999999999056 -4.336483926518301e-7
vn -2.6741269111222868e-8 0.9999999999999056 -4.336483926518301e-7
vn -2.6741269111222868e-8 0.9999999999999056 -4.336483926518301e-7
vn -2.6741269111222868e-8 0.9999999999999056 -4.336483926518301e-7
vn -2.6741269111222868e-8 0.9999999999999056 -4.336483926518301e-7
vn -2.6741269111222868e-8 0.9999999999999056 -4.336483926518301e-7
vn -9.735357668840963e-8 -1.686213910322471e-7 -0.999999999999981
vn -9.735357668840963e-8 -1.686213910322471e-7 -0.999999999999981
vn -9.735357668840963e-8 -1.686213910322471e-7 -0.999999999999981
vn -9.735357668840963e-8 -1.686213910322471e-7 -0.999999999999981
vn -9.735357668840963e-8 -1.686213910322471e-7 -0.999999999999981
vn -9.735357668840963e-8 -1.686213910322471e-7 -0.999999999999981
vn -9.735357668840963e-8 -1.686213910322471e-7 -0.999999999999981
vn -9.735357668840963e-8 -1.686213910322471e-7 -0.999999999999981
vn -9.735357668840963e-8 -1.686213910322471e-7 -0.999999999999981
vn -9.735357668840963e-8 -1.686213910322471e-7 -0.999999999999981
vn -9.735357668840963e-8 -1.686213910322471e-7 -0.999999999999981
vn -9.735357668840963e-8 -1.686213910322471e-7 -0.999999999999981
vn 0.8660254368999819 0.49999994264219094 -3.6107811078245705e-8
vn 0.8660254368999819 0.49999994264219094 -3.6107811078245705e-8
vn 0.8660254368999819 0.49999994264219094 -3.6107811078245705e-8
vn 0.8660254368999819 0.49999994264219094 -3.6107811078245705e-8
vn 0.8660254368999819 0.49999994264219094 -3.6107811078245705e-8
vn 0.8660254368999819 0.49999994264219094 -3.6107811078245705e-8
vn 0.8660254079467147 -0.49999999279072616 1.0498899738770135e-14
vn 0.8660254079467147 -0.49999999279072616 1.0498899738770135e-14
vn 0.8660254079467147 -0.49999999279072616 1.0498899738770135e-14
vn 0.8660254079467147 -0.49999999279072616 1.0498899738770135e-14
vn 0.8660254079467147 -0.49999999279072616 1.0498899738770135e-14
vn 0.8660254079467147 -0.49999999279072616 1.0498899738770135e-14
vn 1.339722491030485e-7 -0.9999999999999906 -3.0148912079409404e-8
vn 1.339722491030485e-7 -0.9999999999999906 -3.0148912079409404e-8
vn 1.339722491030485e-7 -0.9999999999999906 -3.0148912079409404e-8
vn 1.339722491030485e-7 -0.9999999999999906 -3.0148912079409404e-8
vn 1.339722491030485e-7 -0.9999999999999906 -3.0148912079409404e-8
vn 1.339722491030485e-7 -0.9999999999999906 -3.0148912079409404e-8
vn -0.8660254368999788 -0.4999999426421967 -3.0148977408347844e-8
vn -0.8660254368999788 -0.4999999426421967 -3.0148977408347844e-8
vn -0.8660254368999788 -0.4999999426421967 -3.0148977408347844e-8
vn -0.8660254368999788 -0.4999999426421967 -3.0148977408347844e-8
vn -0.8660254368999788 -0.4999999426421967 -3.0148977408347844e-8
vn -0.8660254368999788 -0.4999999426421967 -3.0148977408347844e-8
vn -9.735357668840963e-8 -1.686213910322471e-7 -0.999999999999981
vn -9.735357668840963e-8 -1.686213910322471e-7 -0.999999999999981
vn -9.735357668840963e-8 -1.686213910322471e-7 -0.999999999999981
vn -9.735357668840963e-8 -1.686213910322471e-7 -0.999999999999981
vn -9.735357668840963e-8 -1.686213910322471e-7 -0.999999999999981
vn -9.735357668840963e-8 -1.686213910322471e-7 -0.999999999999981
vn -9.735357668840963e-8 -1.686213910322471e-7 -0.999999999999981
vn -9.735357668840963e-8 -1.686213910322471e-7 -0.999999999999981
vn -9.735357668840963e-8 -1.686213910322471e-7 -0.999999999999981
vn -9.735357668840963e-8 -1.686213910322471e-7 -0.999999999999981
vn -9.735357668840963e-8 -1.686213910322471e-7 -0.999999999999981
vn -9.735357668840963e-8 -1.686213910322471e-7 -0.999999999999981
vn -0.8660254410750925 0.49999993541068743 -1.0433166050904679e-14
vn -0.8660254410750925 0.49999993541068743 -1.0433166050904679e-14
vn -0.8660254410750925 0.49999993541068743 -1.0433166050904679e-14
vn -0.8660254410750925 0.49999993541068743 -1.0433166050904679e-14
vn -0.8660254410750925 0.49999993541068743 -1.0433166050904679e-14
vn -0.8660254410750925 0.49999993541068743 -1.0433166050904679e-14
vn -2.153937097969792e-7 0.9999999999999764 3.014893855346982e-8
vn -2.153937097969792e-7 0.9999999999999764 3.014893855346982e-8
vn -2.153937097969792e-7 0.9999999999999764 3.014893855346982e-8
vn -2.153937097969792e-7 0.9999999999999764 3.014893855346982e-8
vn -2.153937097969792e-7 0.9999999999999764 3.014893855346982e-8
vn -2.153937097969792e-7 0.9999999999999764 3.014893855346982e-8
vn -4.199929623768257e-8 2.490767958709783e-7 0.999999999999968
vn -4.199929623768257e-8 2.490767958709783e-7 0.999999999999968
vn -4.199929623768257e-8 2.490767958709783e-7 0.999999999999968
vn -4.199929623768257e-8 2.490767958709783e-7 0.999999999999968
vn -4.199929623768257e-8 2.490767958709783e-7 0.999999999999968
vn -4.199929623768257e-8 2.490767958709783e-7 0.999999999999968
vn -4.199929623768257e-8 2.490767958709783e-7 0.999999999999968
vn -4.199929623768257e-8 2.490767958709783e-7 0.999999999999968
vn -4.199929623768257e-8 2.490767958709783e-7 0.999999999999968
vn -4.199929623768257e-8 2.490767958709783e-7 0.999999999999968
vn -4.199929623768257e-8 2.490767958709783e-7 0.999999999999968
vn -4.199929623768257e-8 2.490767958709783e-7 0.999999999999968
f 577/577/577 578/578/578 579/579/579
f 580/580/580 581/581/581 582/582/582
f 583/583/583 584/584/584 585/585/585
f 586/586/586 587/587/587 588/588/588
f 589/589/589 590/590/590 591/591/591
f 592/592/592 593/593/593 594/594/594
f 595/595/595 596/596/596 597/597/597
f 598/598/598 599/599/599 600/600/600
f 601/601/601 602/602/602 603/603/603
f 604/604/604 605/605/605 606/606/606
f 607/607/607 608/608/608 609/609/609
f 610/610/610 611/611/611 612/612/612
f 613/613/613 614/614/614 615/615/615
f 616/616/616 617/617/617 618/618/618
f 619/619/619 620/620/620 621/621/621
f 622/622/622 623/623/623 624/624/624
f 625/625/625 626/626/626 627/627/627
f 628/628/628 629/629/629 630/630/630
f 631/631/631 632/632/632 633/633/633
f 634/634/634 635/635/635 636/636/636
f 637/637/637 638/638/638 639/639/639
f 640/640/640 641/641/641 642/642/642
f 643/643/643 644/644/644 645/645/645
f 646/646/646 647/647/647 648/648/648
f 649/649/649 650/650/650 651/651/651
f 652/652/652 653/653/653 654/654/654
f 655/655/655 656/656/656 657/657/657
f 658/658/658 659/659/659 660/660/660
f 661/661/661 662/662/662 663/663/663
f 664/664/664 665/665/665 666/666/666
f 667/667/667 668/668/668 669/669/669
f 670/670/670 671/671/671 672/672/672
f 673/673/673 674/674/674 675/675/675
f 676/676/676 677/677/677 678/678/678
f 679/679/679 680/680/680 681/681/681
f 682/682/682 683/683/683 684/684/684
f 685/685/685 686/686/686 687/687/687
f 688/688/688 689/689/689 690/690/690
f 691/691/691 692/692/692 693/693/693
f 694/694/694 695/695/695 696/696/696
o Cylinder001
usemtl m_car.001
v -710.8131219547984 859.1811945647697 975.9771939586184
v -710.8130472100783 859.1813240264543 1420.58190075201
v -428.95713647397463 370.9927850163484 1420.5819556313595
v -710.8131219547984 859.1811945647697 975.9771939586184
v -428.95713647397463 370.9927850163484 1420.5819556313595
v -428.9572269491257 370.99262830875364 975.977248837974
v -428.9572269491257 370.99262830875364 975.977248837974
v -428.95713647397463 370.9927850163484 1420.5819556313595
v -710.8129478927287 -117.19582193246208 1420.5820653900728
v -428.9572269491257 370.99262830875364 975.977248837974
v -710.8129478927287 -117.19582193246208 1420.5820653900728
v -710.8130462330952 -117.19599226301193 975.9773585966905
v -710.8130462330952 -117.19599226301193 975.9773585966905
v -710.8129478927287 -117.19582193246208 1420.5820653900728
v -1274.5246836705414 -117.19588200595138 1420.5821202694367
v -710.8130462330952 -117.19599226301193 975.9773585966905
v -1274.5246836705414 -117.19588200595138 1420.5821202694367
v -1274.5247898761234 -117.19606595945629 975.9774134760573
v -1274.5247898761234 -117.19606595945629 975.9774134760573
v -1274.5246836705414 -117.19588200595138 1420.5821202694367
v -1556.380421692068 370.9927752546269 1420.5820653900505
v -1274.5247898761234 -117.19606595945629 975.9774134760573
v -1556.380421692068 370.9927752546269 1420.5820653900505
v -1556.3805200324346 370.992604924077 975.977358596668
v -428.95713647397463 370.9927850163484 1420.5819556313595
v -710.8130472100783 859.1813240264543 1420.58190075201
v -1274.5246689800858 859.1813434420478 1420.5819556313493
v -428.95713647397463 370.9927850163484 1420.5819556313595
v -1274.5246689800858 859.1813434420478 1420.5819556313493
v -1556.380421692068 370.9927752546269 1420.5820653900505
v -428.95713647397463 370.9927850163484 1420.5819556313595
v -1556.380421692068 370.9927752546269 1420.5820653900505
v -1274.5246836705414 -117.19588200595138 1420.5821202694367
v -428.95713647397463 370.9927850163484 1420.5819556313595
v -1274.5246836705414 -117.19588200595138 1420.5821202694367
v -710.8129478927287 -117.19582193246208 1420.5820653900728
v -1556.3805200324346 370.992604924077 975.977358596668
v -1556.380421692068 370.9927752546269 1420.5820653900505
v -1274.5246689800858 859.1813434420478 1420.5819556313493
v -1556.3805200324346 370.992604924077 975.977358596668
v -1274.5246689800858 859.1813434420478 1420.5819556313493
v -1274.5247909160987 859.1811322426327 975.977248837976
v -1274.5247909160987 859.1811322426327 975.977248837976
v -1274.5246689800858 859.1813434420478 1420.5819556313493
v -710.8130472100783 859.1813240264543 1420.58190075201
v -1274.5247909160987 859.1811322426327 975.977248837976
v -710.8130472100783 859.1813240264543 1420.58190075201
v -710.8131219547984 859.1811945647697 975.9771939586184
v -710.8131219547984 859.1811945647697 975.9771939586184
v -428.9572269491257 370.99262830875364 975.977248837974
v -710.8130462330952 -117.19599226301193 975.9773585966905
v -710.8131219547984 859.1811945647697 975.9771939586184
v -710.8130462330952 -117.19599226301193 975.9773585966905
v -1274.5247898761234 -117.19606595945629 975.9774134760573
v -710.8131219547984 859.1811945647697 975.9771939586184
v -1274.5247898761234 -117.19606595945629 975.9774134760573
v -1556.3805200324346 370.992604924077 975.977358596668
v -710.8131219547984 859.1811945647697 975.9771939586184
v -1556.3805200324346 370.992604924077 975.977358596668
v -1274.5247909160987 859.1811322426327 975.977248837976
v -710.8132501999335 859.1809724376008 -987.6574773047585
v -428.9573551942606 370.9924061815848 -987.6574224254027
v -428.9573512868142 370.9924129494725 -1432.262003375361
v -710.8132501999335 859.1809724376008 -987.6574773047585
v -428.9573512868142 370.9924129494725 -1432.262003375361
v -710.8132620229178 859.1809519595784 -1432.2620582547106
v -428.9573551942606 370.9924061815848 -987.6574224254027
v -710.8131823434456 -117.19622801313596 -987.6573126666833
v -710.8131705707838 -117.19620762229312 -1432.2618936166446
v -428.9573551942606 370.9924061815848 -987.6574224254027
v -710.8131705707838 -117.19620762229312 -1432.2618936166446
v -428.9573512868142 370.9924129494725 -1432.262003375361
v -710.8131823434456 -117.19622801313596 -987.6573126666833
v -1274.5249181212585 -117.19628808662526 -987.6572577873194
v -1274.524898483381 -117.19625407282729 -1432.261838737284
v -710.8131823434456 -117.19622801313596 -987.6573126666833
v -1274.524898483381 -117.19625407282729 -1432.261838737284
v -710.8131705707838 -117.19620762229312 -1432.2618936166446
v -1274.5249181212585 -117.19628808662526 -987.6572577873194
v -1556.3806561427848 370.992369173953 -987.6573126667058
v -1556.380644370123 370.9923895647959 -1432.2618936166673
v -1274.5249181212585 -117.19628808662526 -987.6572577873194
v -1556.380644370123 370.9923895647959 -1432.2618936166673
v -1274.524898483381 -117.19625407282729 -1432.261838737284
v -428.9573512868142 370.9924129494725 -1432.262003375361
v -710.8131705707838 -117.19620762229312 -1432.2618936166446
v -1274.524898483381 -117.19625407282729 -1432.261838737284
v -428.9573512868142 370.9924129494725 -1432.262003375361
v -1274.524898483381 -117.19625407282729 -1432.261838737284
v -1556.380644370123 370.9923895647959 -1432.2618936166673
v -428.9573512868142 370.9924129494725 -1432.262003375361
v -1556.380644370123 370.9923895647959 -1432.2618936166673
v -1274.5248837929255 859.1809713751719 -1432.262003375371
v -428.9573512868142 370.9924129494725 -1432.262003375361
v -1274.5248837929255 859.1809713751719 -1432.262003375371
v -710.8132620229178 859.1809519595784 -1432.2620582547106
v -1556.3806561427848 370.992369173953 -987.6573126667058
v -1274.5249191612338 859.1809101154638 -987.6574224254007
v -1274.5248837929255 859.1809713751719 -1432.262003375371
v -1556.3806561427848 370.992369173953 -987.6573126667058
v -1274.5248837929255 859.1809713751719 -1432.262003375371
v -1556.380644370123 370.9923895647959 -1432.2618936166673
v -1274.5249191612338 859.1809101154638 -987.6574224254007
v -710.8132501999335 859.1809724376008 -987.6574773047585
v -710.8132620229178 859.1809519595784 -1432.2620582547106
v -1274.5249191612338 859.1809101154638 -987.6574224254007
v -710.8132620229178 859.1809519595784 -1432.2620582547106
v -1274.5248837929255 859.1809713751719 -1432.262003375371
v -710.8132501999335 859.1809724376008 -987.6574773047585
v -1274.5249191612338 859.1809101154638 -987.6574224254007
v -1556.3806561427848 370.992369173953 -987.6573126667058
v -710.8132501999335 859.1809724376008 -987.6574773047585
v -1556.3806561427848 370.992369173953 -987.6573126667058
v -1274.5249181212585 -117.19628808662526 -987.6572577873194
v -710.8132501999335 859.1809724376008 -987.6574773047585
v -1274.5249181212585 -117.19628808662526 -987.6572577873194
v -710.8131823434456 -117.19622801313596 -987.6573126666833
v -710.8132501999335 859.1809724376008 -987.6574773047585
v -710.8131823434456 -117.19622801313596 -987.6573126666833
v -428.9573551942606 370.9924061815848 -987.6574224254027
vt 0.0625 0.2890625
vt 0.0625 0.34375
vt 0.1015625 0.34375
vt 0.0625 0.2890625
vt 0.1015625 0.34375
vt 0.1015625 0.2890625
vt 0.1015625 0.2890625
vt 0.1015625 0.34375
vt 0.15625 0.34375
vt 0.1015625 0.2890625
vt 0.15625 0.34375
vt 0.15625 0.2890625
vt 0.15625 0.2890625
vt 0.15625 0.34375
vt 0.1953125 0.34375
vt 0.15625 0.2890625
vt 0.1953125 0.34375
vt 0.1953125 0.2890625
vt 0.0625 0.2890625
vt 0.0625 0.34375
vt 0.09375 0.34375
vt 0.0625 0.2890625
vt 0.09375 0.34375
vt 0.09375 0.2890625
vt 0.1328125 0.1484375
vt 0.0703125 0.1796875
vt 0.0703125 0.25
vt 0.1328125 0.1484375
vt 0.0703125 0.25
vt 0.125 0.28125
vt 0.1328125 0.1484375
vt 0.125 0.28125
vt 0.1875 0.25
vt 0.1328125 0.1484375
vt 0.1875 0.25
vt 0.1875 0.1796875
vt 0.09375 0.2890625
vt 0.09375 0.34375
vt 0.1640625 0.34375
vt 0.09375 0.2890625
vt 0.1640625 0.34375
vt 0.1640625 0.2890625
vt 0.1640625 0.2890625
vt 0.1640625 0.34375
vt 0.1953125 0.34375
vt 0.1640625 0.2890625
vt 0.1953125 0.34375
vt 0.1953125 0.2890625
vt 0.1640625 0.03125
vt 0.109375 0.0078125
vt 0.0546875 0.03125
vt 0.1640625 0.03125
vt 0.0546875 0.03125
vt 0.0546875 0.09375
vt 0.1640625 0.03125
vt 0.0546875 0.09375
vt 0.109375 0.125
vt 0.1640625 0.03125
vt 0.109375 0.125
vt 0.1640625 0.09375
vt 0.0625 0.2890625
vt 0.1015625 0.2890625
vt 0.1015625 0.34375
vt 0.0625 0.2890625
vt 0.1015625 0.34375
vt 0.0625 0.34375
vt 0.1015625 0.2890625
vt 0.15625 0.2890625
vt 0.15625 0.34375
vt 0.1015625 0.2890625
vt 0.15625 0.34375
vt 0.1015625 0.34375
vt 0.15625 0.2890625
vt 0.1953125 0.2890625
vt 0.1953125 0.34375
vt 0.15625 0.2890625
vt 0.1953125 0.34375
vt 0.15625 0.34375
vt 0.0625 0.2890625
vt 0.09375 0.2890625
vt 0.09375 0.34375
vt 0.0625 0.2890625
vt 0.09375 0.34375
vt 0.0625 0.34375
vt 0.1328125 0.1484375
vt 0.1875 0.1796875
vt 0.1875 0.25
vt 0.1328125 0.1484375
vt 0.1875 0.25
vt 0.125 0.28125
vt 0.1328125 0.1484375
vt 0.125 0.28125
vt 0.0703125 0.25
vt 0.1328125 0.1484375
vt 0.0703125 0.25
vt 0.0703125 0.1796875
vt 0.09375 0.2890625
vt 0.1640625 0.2890625
vt 0.1640625 0.34375
vt 0.09375 0.2890625
vt 0.1640625 0.34375
vt 0.09375 0.34375
vt 0.1640625 0.2890625
vt 0.1953125 0.2890625
vt 0.1953125 0.34375
vt 0.1640625 0.2890625
vt 0.1953125 0.34375
vt 0.1640625 0.34375
vt 0.1640625 0.03125
vt 0.1640625 0.09375
vt 0.109375 0.125
vt 0.1640625 0.03125
vt 0.109375 0.125
vt 0.0546875 0.09375
vt 0.1640625 0.03125
vt 0.0546875 0.09375
vt 0.0546875 0.03125
vt 0.1640625 0.03125
vt 0.0546875 0.03125
vt 0.109375 0.0078125
vn 0.8660253038593435 0.5000001730752113 -3.0113490777983323e-7
vn 0.8660253038593435 0.5000001730752113 -3.0113490777983323e-7
vn 0.8660253038593435 0.5000001730752113 -3.0113490777983323e-7
vn 0.8660253038593435 0.5000001730752113 -3.0113490777983323e-7
vn 0.8660253038593435 0.5000001730752113 -3.0113490777983323e-7
vn 0.8660253038593435 0.5000001730752113 -3.0113490777983323e-7
vn 0.8660254079467147 -0.49999999279072616 3.616876838432668e-14
vn 0.8660254079467147 -0.49999999279072616 3.616876838432668e-14
vn 0.8660254079467147 -0.49999999279072616 3.616876838432668e-14
vn 0.8660254079467147 -0.49999999279072616 3.616876838432668e-14
vn 0.8660254079467147 -0.49999999279072616 3.616876838432668e-14
vn 0.8660254079467147 -0.49999999279072616 3.616876838432668e-14
vn 1.3397229425536927e-7 -0.9999999999998969 4.336483556236306e-7
vn 1.3397229425536927e-7 -0.9999999999998969 4.336483556236306e-7
vn 1.3397229425536927e-7 -0.9999999999998969 4.336483556236306e-7
vn 1.3397229425536927e-7 -0.9999999999998969 4.336483556236306e-7
vn 1.3397229425536927e-7 -0.9999999999998969 4.336483556236306e-7
vn 1.3397229425536927e-7 -0.9999999999998969 4.336483556236306e-7
vn -0.866025503420202 -0.49999982742556764 4.3364835639917173e-7
vn -0.866025503420202 -0.49999982742556764 4.3364835639917173e-7
vn -0.866025503420202 -0.49999982742556764 4.3364835639917173e-7
vn -0.866025503420202 -0.49999982742556764 4.3364835639917173e-7
vn -0.866025503420202 -0.49999982742556764 4.3364835639917173e-7
vn -0.866025503420202 -0.49999982742556764 4.3364835639917173e-7
vn 8.864402213052883e-8 1.7364985383466803e-7 0.999999999999981
vn 8.864402213052883e-8 1.7364985383466803e-7 0.999999999999981
vn 8.864402213052883e-8 1.7364985383466803e-7 0.999999999999981
vn 8.864402213052883e-8 1.7364985383466803e-7 0.999999999999981
vn 8.864402213052883e-8 1.7364985383466803e-7 0.999999999999981
vn 8.864402213052883e-8 1.7364985383466803e-7 0.999999999999981
vn 8.864402213052883e-8 1.7364985383466803e-7 0.999999999999981
vn 8.864402213052883e-8 1.7364985383466803e-7 0.999999999999981
vn 8.864402213052883e-8 1.7364985383466803e-7 0.999999999999981
vn 8.864402213052883e-8 1.7364985383466803e-7 0.999999999999981
vn 8.864402213052883e-8 1.7364985383466803e-7 0.999999999999981
vn 8.864402213052883e-8 1.7364985383466803e-7 0.999999999999981
vn -0.8660254410750925 0.49999993541068743 -1.0433166050904679e-14
vn -0.8660254410750925 0.49999993541068743 -1.0433166050904679e-14
vn -0.8660254410750925 0.49999993541068743 -1.0433166050904679e-14
vn -0.8660254410750925 0.49999993541068743 -1.0433166050904679e-14
vn -0.8660254410750925 0.49999993541068743 -1.0433166050904679e-14
vn -0.8660254410750925 0.49999993541068743 -1.0433166050904679e-14
vn -2.6741269111222868e-8 0.9999999999999056 -4.336483926518301e-7
vn -2.6741269111222868e-8 0.9999999999999056 -4.336483926518301e-7
vn -2.6741269111222868e-8 0.9999999999999056 -4.336483926518301e-7
vn -2.6741269111222868e-8 0.9999999999999056 -4.336483926518301e-7
vn -2.6741269111222868e-8 0.9999999999999056 -4.336483926518301e-7
vn -2.6741269111222868e-8 0.9999999999999056 -4.336483926518301e-7
vn -9.735357668840963e-8 -1.686213910322471e-7 -0.999999999999981
vn -9.735357668840963e-8 -1.686213910322471e-7 -0.999999999999981
vn -9.735357668840963e-8 -1.686213910322471e-7 -0.999999999999981
vn -9.735357668840963e-8 -1.686213910322471e-7 -0.999999999999981
vn -9.735357668840963e-8 -1.686213910322471e-7 -0.999999999999981
vn -9.735357668840963e-8 -1.686213910322471e-7 -0.999999999999981
vn -9.735357668840963e-8 -1.686213910322471e-7 -0.999999999999981
vn -9.735357668840963e-8 -1.686213910322471e-7 -0.999999999999981
vn -9.735357668840963e-8 -1.686213910322471e-7 -0.999999999999981
vn -9.735357668840963e-8 -1.686213910322471e-7 -0.999999999999981
vn -9.735357668840963e-8 -1.686213910322471e-7 -0.999999999999981
vn -9.735357668840963e-8 -1.686213910322471e-7 -0.999999999999981
vn 0.8660254368999819 0.49999994264219094 -3.6107811078245705e-8
vn 0.8660254368999819 0.49999994264219094 -3.6107811078245705e-8
vn 0.8660254368999819 0.49999994264219094 -3.6107811078245705e-8
vn 0.8660254368999819 0.49999994264219094 -3.6107811078245705e-8
vn 0.8660254368999819 0.49999994264219094 -3.6107811078245705e-8
vn 0.8660254368999819 0.49999994264219094 -3.6107811078245705e-8
vn 0.8660254079467147 -0.49999999279072616 1.0498899738770135e-14
vn 0.8660254079467147 -0.49999999279072616 1.0498899738770135e-14
vn 0.8660254079467147 -0.49999999279072616 1.0498899738770135e-14
vn 0.8660254079467147 -0.49999999279072616 1.0498899738770135e-14
vn 0.8660254079467147 -0.49999999279072616 1.0498899738770135e-14
vn 0.8660254079467147 -0.49999999279072616 1.0498899738770135e-14
vn 1.339722491030485e-7 -0.9999999999999906 -3.0148912079409404e-8
vn 1.339722491030485e-7 -0.9999999999999906 -3.0148912079409404e-8
vn 1.339722491030485e-7 -0.9999999999999906 -3.0148912079409404e-8
vn 1.339722491030485e-7 -0.9999999999999906 -3.0148912079409404e-8
vn 1.339722491030485e-7 -0.9999999999999906 -3.0148912079409404e-8
vn 1.339722491030485e-7 -0.9999999999999906 -3.0148912079409404e-8
vn -0.8660254368999788 -0.4999999426421967 -3.0148977408347844e-8
vn -0.8660254368999788 -0.4999999426421967 -3.0148977408347844e-8
vn -0.8660254368999788 -0.4999999426421967 -3.0148977408347844e-8
vn -0.8660254368999788 -0.4999999426421967 -3.0148977408347844e-8
vn -0.8660254368999788 -0.4999999426421967 -3.0148977408347844e-8
vn -0.8660254368999788 -0.4999999426421967 -3.0148977408347844e-8
vn -9.735357668840963e-8 -1.686213910322471e-7 -0.999999999999981
vn -9.735357668840963e-8 -1.686213910322471e-7 -0.999999999999981
vn -9.735357668840963e-8 -1.686213910322471e-7 -0.999999999999981
vn -9.735357668840963e-8 -1.686213910322471e-7 -0.999999999999981
vn -9.735357668840963e-8 -1.686213910322471e-7 -0.999999999999981
vn -9.735357668840963e-8 -1.686213910322471e-7 -0.999999999999981
vn -9.735357668840963e-8 -1.686213910322471e-7 -0.999999999999981
vn -9.735357668840963e-8 -1.686213910322471e-7 -0.999999999999981
vn -9.735357668840963e-8 -1.686213910322471e-7 -0.999999999999981
vn -9.735357668840963e-8 -1.686213910322471e-7 -0.999999999999981
vn -9.735357668840963e-8 -1.686213910322471e-7 -0.999999999999981
vn -9.735357668840963e-8 -1.686213910322471e-7 -0.999999999999981
vn -0.8660254410750925 0.49999993541068743 -1.0433166050904679e-14
vn -0.8660254410750925 0.49999993541068743 -1.0433166050904679e-14
vn -0.8660254410750925 0.49999993541068743 -1.0433166050904679e-14
vn -0.8660254410750925 0.49999993541068743 -1.0433166050904679e-14
vn -0.8660254410750925 0.49999993541068743 -1.0433166050904679e-14
vn -0.8660254410750925 0.49999993541068743 -1.0433166050904679e-14
vn -2.153937097969792e-7 0.9999999999999764 3.014893855346982e-8
vn -2.153937097969792e-7 0.9999999999999764 3.014893855346982e-8
vn -2.153937097969792e-7 0.9999999999999764 3.014893855346982e-8
vn -2.153937097969792e-7 0.9999999999999764 3.014893855346982e-8
vn -2.153937097969792e-7 0.9999999999999764 3.014893855346982e-8
vn -2.153937097969792e-7 0.9999999999999764 3.014893855346982e-8
vn -4.199929623768257e-8 2.490767958709783e-7 0.999999999999968
vn -4.199929623768257e-8 2.490767958709783e-7 0.999999999999968
vn -4.199929623768257e-8 2.490767958709783e-7 0.999999999999968
vn -4.199929623768257e-8 2.490767958709783e-7 0.999999999999968
vn -4.199929623768257e-8 2.490767958709783e-7 0.999999999999968
vn -4.199929623768257e-8 2.490767958709783e-7 0.999999999999968
vn -4.199929623768257e-8 2.490767958709783e-7 0.999999999999968
vn -4.199929623768257e-8 2.490767958709783e-7 0.999999999999968
vn -4.199929623768257e-8 2.490767958709783e-7 0.999999999999968
vn -4.199929623768257e-8 2.490767958709783e-7 0.999999999999968
vn -4.199929623768257e-8 2.490767958709783e-7 0.999999999999968
vn -4.199929623768257e-8 2.490767958709783e-7 0.999999999999968
f 697/697/697 698/698/698 699/699/699
f 700/700/700 701/701/701 702/702/702
f 703/703/703 704/704/704 705/705/705
f 706/706/706 707/707/707 708/708/708
f 709/709/709 710/710/710 711/711/711
f 712/712/712 713/713/713 714/714/714
f 715/715/715 716/716/716 717/717/717
f 718/718/718 719/719/719 720/720/720
f 721/721/721 722/722/722 723/723/723
f 724/724/724 725/725/725 726/726/726
f 727/727/727 728/728/728 729/729/729
f 730/730/730 731/731/731 732/732/732
f 733/733/733 734/734/734 735/735/735
f 736/736/736 737/737/737 738/738/738
f 739/739/739 740/740/740 741/741/741
f 742/742/742 743/743/743 744/744/744
f 745/745/745 746/746/746 747/747/747
f 748/748/748 749/749/749 750/750/750
f 751/751/751 752/752/752 753/753/753
f 754/754/754 755/755/755 756/756/756
f 757/757/757 758/758/758 759/759/759
f 760/760/760 761/761/761 762/762/762
f 763/763/763 764/764/764 765/765/765
f 766/766/766 767/767/767 768/768/768
f 769/769/769 770/770/770 771/771/771
f 772/772/772 773/773/773 774/774/774
f 775/775/775 776/776/776 777/777/777
f 778/778/778 779/779/779 780/780/780
f 781/781/781 782/782/782 783/783/783
f 784/784/784 785/785/785 786/786/786
f 787/787/787 788/788/788 789/789/789
f 790/790/790 791/791/791 792/792/792
f 793/793/793 794/794/794 795/795/795
f 796/796/796 797/797/797 798/798/798
f 799/799/799 800/800/800 801/801/801
f 802/802/802 803/803/803 804/804/804
f 805/805/805 806/806/806 807/807/807
f 808/808/808 809/809/809 810/810/810
f 811/811/811 812/812/812 813/813/813
f 814/814/814 815/815/815 816/816/816
